<?xml version="1.0" encoding="utf-8" ?>

<passengers
    xmlns:xsi="http://www.w3.org/2001/XMLSchema-instance"
    xmlns:xsd="http://www.w3.org/2001/XMLSchema"
    xmlns="http://tempuri.org/passengers.xsd">
  <passenger name="Xiao_1" comingtime="1788" fromfloor="1" tofloor="10" weight="63" />
  <passenger name="Xiao_2" comingtime="2685" fromfloor="0" tofloor="15" weight="48" />
  <passenger name="Xiao_3" comingtime="2653" fromfloor="1" tofloor="19" weight="68" />
  <passenger name="Xiao_4" comingtime="2090" fromfloor="1" tofloor="8" weight="50" />
  <passenger name="Xiao_5" comingtime="2192" fromfloor="1" tofloor="4" weight="51" />
  <passenger name="Xiao_6" comingtime="1197" fromfloor="1" tofloor="9" weight="50" />
  <passenger name="Xiao_7" comingtime="515" fromfloor="1" tofloor="10" weight="52" />
  <passenger name="Xiao_8" comingtime="2511" fromfloor="1" tofloor="20" weight="47" />
  <passenger name="Xiao_9" comingtime="3431" fromfloor="1" tofloor="10" weight="55" />
  <passenger name="Xiao_10" comingtime="1622" fromfloor="1" tofloor="6" weight="53" />
  <passenger name="Xiao_11" comingtime="2537" fromfloor="1" tofloor="12" weight="69" />
  <passenger name="Xiao_12" comingtime="84" fromfloor="1" tofloor="11" weight="58" />
  <passenger name="Xiao_13" comingtime="3245" fromfloor="0" tofloor="2" weight="58" />
  <passenger name="Xiao_14" comingtime="2715" fromfloor="1" tofloor="20" weight="50" />
  <passenger name="Xiao_15" comingtime="3127" fromfloor="0" tofloor="13" weight="46" />
  <passenger name="Xiao_16" comingtime="1992" fromfloor="1" tofloor="7" weight="66" />
  <passenger name="Xiao_17" comingtime="668" fromfloor="0" tofloor="19" weight="58" />
  <passenger name="Xiao_18" comingtime="1485" fromfloor="1" tofloor="3" weight="67" />
  <passenger name="Xiao_19" comingtime="1771" fromfloor="0" tofloor="8" weight="56" />
  <passenger name="Xiao_20" comingtime="2760" fromfloor="1" tofloor="8" weight="51" />
  <passenger name="Xiao_21" comingtime="2023" fromfloor="1" tofloor="4" weight="62" />
  <passenger name="Xiao_22" comingtime="781" fromfloor="1" tofloor="2" weight="65" />
  <passenger name="Xiao_23" comingtime="1199" fromfloor="0" tofloor="8" weight="61" />
  <passenger name="Xiao_24" comingtime="3025" fromfloor="1" tofloor="10" weight="54" />
  <passenger name="Xiao_25" comingtime="1227" fromfloor="1" tofloor="4" weight="57" />
  <passenger name="Xiao_26" comingtime="667" fromfloor="0" tofloor="11" weight="54" />
  <passenger name="Xiao_27" comingtime="758" fromfloor="0" tofloor="20" weight="49" />
  <passenger name="Xiao_28" comingtime="2442" fromfloor="1" tofloor="7" weight="52" />
  <passenger name="Xiao_29" comingtime="924" fromfloor="1" tofloor="3" weight="56" />
  <passenger name="Xiao_30" comingtime="4" fromfloor="0" tofloor="12" weight="49" />
  <passenger name="Xiao_31" comingtime="119" fromfloor="0" tofloor="14" weight="62" />
  <passenger name="Xiao_32" comingtime="2440" fromfloor="0" tofloor="2" weight="65" />
  <passenger name="Xiao_33" comingtime="674" fromfloor="1" tofloor="10" weight="58" />
  <passenger name="Xiao_34" comingtime="1800" fromfloor="0" tofloor="13" weight="68" />
  <passenger name="Xiao_35" comingtime="343" fromfloor="0" tofloor="16" weight="57" />
  <passenger name="Xiao_36" comingtime="1688" fromfloor="0" tofloor="19" weight="68" />
  <passenger name="Xiao_37" comingtime="1759" fromfloor="0" tofloor="19" weight="66" />
  <passenger name="Xiao_38" comingtime="1567" fromfloor="0" tofloor="14" weight="54" />
  <passenger name="Xiao_39" comingtime="2374" fromfloor="0" tofloor="5" weight="65" />
  <passenger name="Xiao_40" comingtime="2023" fromfloor="0" tofloor="17" weight="69" />
  <passenger name="Xiao_41" comingtime="1452" fromfloor="0" tofloor="5" weight="65" />
  <passenger name="Xiao_42" comingtime="65" fromfloor="0" tofloor="13" weight="63" />
  <passenger name="Xiao_43" comingtime="3353" fromfloor="1" tofloor="10" weight="48" />
  <passenger name="Xiao_44" comingtime="2253" fromfloor="1" tofloor="12" weight="46" />
  <passenger name="Xiao_45" comingtime="173" fromfloor="1" tofloor="16" weight="53" />
  <passenger name="Xiao_46" comingtime="1885" fromfloor="0" tofloor="8" weight="58" />
  <passenger name="Xiao_47" comingtime="2941" fromfloor="1" tofloor="14" weight="47" />
  <passenger name="Xiao_48" comingtime="907" fromfloor="1" tofloor="14" weight="60" />
  <passenger name="Xiao_49" comingtime="1806" fromfloor="0" tofloor="2" weight="45" />
  <passenger name="Xiao_50" comingtime="774" fromfloor="0" tofloor="6" weight="65" />
  <passenger name="Xiao_51" comingtime="1107" fromfloor="0" tofloor="3" weight="60" />
  <passenger name="Xiao_52" comingtime="1567" fromfloor="1" tofloor="19" weight="55" />
  <passenger name="Xiao_53" comingtime="97" fromfloor="0" tofloor="15" weight="48" />
  <passenger name="Xiao_54" comingtime="1414" fromfloor="1" tofloor="11" weight="58" />
  <passenger name="Xiao_55" comingtime="1261" fromfloor="1" tofloor="16" weight="53" />
  <passenger name="Xiao_56" comingtime="982" fromfloor="1" tofloor="6" weight="67" />
  <passenger name="Xiao_57" comingtime="489" fromfloor="0" tofloor="17" weight="66" />
  <passenger name="Xiao_58" comingtime="1816" fromfloor="0" tofloor="14" weight="48" />
  <passenger name="Xiao_59" comingtime="1025" fromfloor="1" tofloor="17" weight="58" />
  <passenger name="Xiao_60" comingtime="2006" fromfloor="0" tofloor="5" weight="60" />
  <passenger name="Xiao_61" comingtime="1394" fromfloor="1" tofloor="8" weight="50" />
  <passenger name="Xiao_62" comingtime="2469" fromfloor="0" tofloor="14" weight="57" />
  <passenger name="Xiao_63" comingtime="143" fromfloor="0" tofloor="7" weight="66" />
  <passenger name="Xiao_64" comingtime="35" fromfloor="1" tofloor="4" weight="60" />
  <passenger name="Xiao_65" comingtime="2768" fromfloor="0" tofloor="2" weight="48" />
  <passenger name="Xiao_66" comingtime="1483" fromfloor="1" tofloor="15" weight="67" />
  <passenger name="Xiao_67" comingtime="545" fromfloor="0" tofloor="11" weight="64" />
  <passenger name="Xiao_68" comingtime="3158" fromfloor="0" tofloor="6" weight="54" />
  <passenger name="Xiao_69" comingtime="1667" fromfloor="1" tofloor="16" weight="55" />
  <passenger name="Xiao_70" comingtime="2849" fromfloor="1" tofloor="14" weight="47" />
  <passenger name="Xiao_71" comingtime="2215" fromfloor="1" tofloor="19" weight="59" />
  <passenger name="Xiao_72" comingtime="2047" fromfloor="1" tofloor="2" weight="48" />
  <passenger name="Xiao_73" comingtime="487" fromfloor="0" tofloor="11" weight="47" />
  <passenger name="Xiao_74" comingtime="1543" fromfloor="1" tofloor="9" weight="68" />
  <passenger name="Xiao_75" comingtime="3334" fromfloor="0" tofloor="4" weight="62" />
  <passenger name="Xiao_76" comingtime="2154" fromfloor="0" tofloor="18" weight="61" />
  <passenger name="Xiao_77" comingtime="865" fromfloor="1" tofloor="7" weight="46" />
  <passenger name="Xiao_78" comingtime="3239" fromfloor="1" tofloor="19" weight="60" />
  <passenger name="Xiao_79" comingtime="499" fromfloor="1" tofloor="12" weight="47" />
  <passenger name="Xiao_80" comingtime="3135" fromfloor="1" tofloor="9" weight="67" />
  <passenger name="Xiao_81" comingtime="171" fromfloor="0" tofloor="19" weight="60" />
  <passenger name="Xiao_82" comingtime="882" fromfloor="1" tofloor="3" weight="49" />
  <passenger name="Xiao_83" comingtime="1570" fromfloor="0" tofloor="18" weight="68" />
  <passenger name="Xiao_84" comingtime="234" fromfloor="0" tofloor="7" weight="51" />
  <passenger name="Xiao_85" comingtime="2571" fromfloor="1" tofloor="9" weight="48" />
  <passenger name="Xiao_86" comingtime="3341" fromfloor="1" tofloor="4" weight="48" />
  <passenger name="Xiao_87" comingtime="2491" fromfloor="1" tofloor="15" weight="67" />
  <passenger name="Xiao_88" comingtime="1447" fromfloor="1" tofloor="11" weight="55" />
  <passenger name="Xiao_89" comingtime="2806" fromfloor="0" tofloor="6" weight="45" />
  <passenger name="Xiao_90" comingtime="1825" fromfloor="1" tofloor="14" weight="56" />
  <passenger name="Xiao_91" comingtime="1394" fromfloor="0" tofloor="11" weight="47" />
  <passenger name="Xiao_92" comingtime="3130" fromfloor="0" tofloor="16" weight="56" />
  <passenger name="Xiao_93" comingtime="2593" fromfloor="0" tofloor="6" weight="46" />
  <passenger name="Xiao_94" comingtime="2986" fromfloor="1" tofloor="5" weight="69" />
  <passenger name="Xiao_95" comingtime="2870" fromfloor="1" tofloor="20" weight="69" />
  <passenger name="Xiao_96" comingtime="510" fromfloor="1" tofloor="18" weight="57" />
  <passenger name="Xiao_97" comingtime="62" fromfloor="0" tofloor="2" weight="56" />
  <passenger name="Xiao_98" comingtime="1810" fromfloor="1" tofloor="5" weight="61" />
  <passenger name="Xiao_99" comingtime="960" fromfloor="0" tofloor="8" weight="54" />
  <passenger name="Xiao_100" comingtime="3538" fromfloor="0" tofloor="16" weight="66" />
  <passenger name="Xiao_101" comingtime="2576" fromfloor="0" tofloor="4" weight="50" />
  <passenger name="Xiao_102" comingtime="1426" fromfloor="0" tofloor="20" weight="65" />
  <passenger name="Xiao_103" comingtime="1765" fromfloor="0" tofloor="12" weight="60" />
  <passenger name="Xiao_104" comingtime="62" fromfloor="1" tofloor="11" weight="66" />
  <passenger name="Xiao_105" comingtime="938" fromfloor="0" tofloor="4" weight="58" />
  <passenger name="Xiao_106" comingtime="3125" fromfloor="1" tofloor="2" weight="59" />
  <passenger name="Xiao_107" comingtime="1826" fromfloor="0" tofloor="5" weight="53" />
  <passenger name="Xiao_108" comingtime="1147" fromfloor="1" tofloor="10" weight="60" />
  <passenger name="Xiao_109" comingtime="2159" fromfloor="0" tofloor="3" weight="52" />
  <passenger name="Xiao_110" comingtime="1302" fromfloor="0" tofloor="5" weight="56" />
  <passenger name="Xiao_111" comingtime="2407" fromfloor="0" tofloor="4" weight="57" />
  <passenger name="Xiao_112" comingtime="2817" fromfloor="0" tofloor="9" weight="45" />
  <passenger name="Xiao_113" comingtime="1861" fromfloor="1" tofloor="6" weight="69" />
  <passenger name="Xiao_114" comingtime="339" fromfloor="0" tofloor="14" weight="52" />
  <passenger name="Xiao_115" comingtime="3574" fromfloor="1" tofloor="17" weight="58" />
  <passenger name="Xiao_116" comingtime="2035" fromfloor="1" tofloor="18" weight="45" />
  <passenger name="Xiao_117" comingtime="2961" fromfloor="0" tofloor="4" weight="51" />
  <passenger name="Xiao_118" comingtime="3033" fromfloor="1" tofloor="16" weight="59" />
  <passenger name="Xiao_119" comingtime="1090" fromfloor="0" tofloor="13" weight="62" />
  <passenger name="Xiao_120" comingtime="2022" fromfloor="1" tofloor="10" weight="67" />
  <passenger name="Xiao_121" comingtime="3380" fromfloor="0" tofloor="14" weight="54" />
  <passenger name="Xiao_122" comingtime="1000" fromfloor="0" tofloor="12" weight="53" />
  <passenger name="Xiao_123" comingtime="3071" fromfloor="0" tofloor="18" weight="63" />
  <passenger name="Xiao_124" comingtime="3447" fromfloor="1" tofloor="4" weight="65" />
  <passenger name="Xiao_125" comingtime="573" fromfloor="1" tofloor="6" weight="57" />
  <passenger name="Xiao_126" comingtime="2133" fromfloor="0" tofloor="14" weight="59" />
  <passenger name="Xiao_127" comingtime="3421" fromfloor="0" tofloor="10" weight="50" />
  <passenger name="Xiao_128" comingtime="1722" fromfloor="0" tofloor="8" weight="47" />
  <passenger name="Xiao_129" comingtime="3002" fromfloor="0" tofloor="7" weight="53" />
  <passenger name="Xiao_130" comingtime="3332" fromfloor="1" tofloor="15" weight="63" />
  <passenger name="Xiao_131" comingtime="921" fromfloor="0" tofloor="5" weight="64" />
  <passenger name="Xiao_132" comingtime="2012" fromfloor="0" tofloor="15" weight="45" />
  <passenger name="Xiao_133" comingtime="2145" fromfloor="1" tofloor="14" weight="51" />
  <passenger name="Xiao_134" comingtime="2753" fromfloor="0" tofloor="5" weight="45" />
  <passenger name="Xiao_135" comingtime="1616" fromfloor="0" tofloor="13" weight="69" />
  <passenger name="Xiao_136" comingtime="2007" fromfloor="0" tofloor="6" weight="58" />
  <passenger name="Xiao_137" comingtime="1356" fromfloor="0" tofloor="10" weight="69" />
  <passenger name="Xiao_138" comingtime="1029" fromfloor="0" tofloor="11" weight="45" />
  <passenger name="Xiao_139" comingtime="3375" fromfloor="1" tofloor="5" weight="52" />
  <passenger name="Xiao_140" comingtime="520" fromfloor="0" tofloor="2" weight="52" />
  <passenger name="Xiao_141" comingtime="2874" fromfloor="1" tofloor="10" weight="48" />
  <passenger name="Xiao_142" comingtime="1758" fromfloor="1" tofloor="5" weight="68" />
  <passenger name="Xiao_143" comingtime="1508" fromfloor="0" tofloor="10" weight="58" />
  <passenger name="Xiao_144" comingtime="2391" fromfloor="0" tofloor="4" weight="69" />
  <passenger name="Xiao_145" comingtime="3053" fromfloor="0" tofloor="18" weight="51" />
  <passenger name="Xiao_146" comingtime="3409" fromfloor="0" tofloor="2" weight="64" />
  <passenger name="Xiao_147" comingtime="3018" fromfloor="0" tofloor="15" weight="45" />
  <passenger name="Xiao_148" comingtime="569" fromfloor="1" tofloor="18" weight="52" />
  <passenger name="Xiao_149" comingtime="2064" fromfloor="1" tofloor="5" weight="61" />
  <passenger name="Xiao_150" comingtime="271" fromfloor="1" tofloor="10" weight="57" />
  <passenger name="Xiao_151" comingtime="244" fromfloor="1" tofloor="14" weight="61" />
  <passenger name="Xiao_152" comingtime="2609" fromfloor="1" tofloor="5" weight="63" />
  <passenger name="Xiao_153" comingtime="3582" fromfloor="1" tofloor="7" weight="54" />
  <passenger name="Xiao_154" comingtime="2070" fromfloor="0" tofloor="9" weight="65" />
  <passenger name="Xiao_155" comingtime="2902" fromfloor="0" tofloor="12" weight="52" />
  <passenger name="Xiao_156" comingtime="1471" fromfloor="0" tofloor="17" weight="60" />
  <passenger name="Xiao_157" comingtime="2599" fromfloor="1" tofloor="11" weight="49" />
  <passenger name="Xiao_158" comingtime="2518" fromfloor="1" tofloor="5" weight="52" />
  <passenger name="Xiao_159" comingtime="888" fromfloor="0" tofloor="5" weight="59" />
  <passenger name="Xiao_160" comingtime="1962" fromfloor="1" tofloor="6" weight="45" />
  <passenger name="Xiao_161" comingtime="2647" fromfloor="0" tofloor="7" weight="45" />
  <passenger name="Xiao_162" comingtime="3557" fromfloor="0" tofloor="17" weight="57" />
  <passenger name="Xiao_163" comingtime="525" fromfloor="0" tofloor="9" weight="61" />
  <passenger name="Xiao_164" comingtime="1263" fromfloor="0" tofloor="8" weight="62" />
  <passenger name="Xiao_165" comingtime="2288" fromfloor="0" tofloor="2" weight="52" />
  <passenger name="Xiao_166" comingtime="439" fromfloor="0" tofloor="17" weight="52" />
  <passenger name="Xiao_167" comingtime="1306" fromfloor="0" tofloor="16" weight="55" />
  <passenger name="Xiao_168" comingtime="3190" fromfloor="0" tofloor="2" weight="68" />
  <passenger name="Xiao_169" comingtime="1070" fromfloor="0" tofloor="5" weight="56" />
  <passenger name="Xiao_170" comingtime="34" fromfloor="0" tofloor="14" weight="45" />
  <passenger name="Xiao_171" comingtime="2322" fromfloor="0" tofloor="2" weight="46" />
  <passenger name="Xiao_172" comingtime="2473" fromfloor="0" tofloor="16" weight="48" />
  <passenger name="Xiao_173" comingtime="1619" fromfloor="1" tofloor="19" weight="63" />
  <passenger name="Xiao_174" comingtime="963" fromfloor="1" tofloor="15" weight="54" />
  <passenger name="Xiao_175" comingtime="3283" fromfloor="1" tofloor="6" weight="48" />
  <passenger name="Xiao_176" comingtime="1819" fromfloor="0" tofloor="4" weight="48" />
  <passenger name="Xiao_177" comingtime="2747" fromfloor="0" tofloor="4" weight="54" />
  <passenger name="Xiao_178" comingtime="2256" fromfloor="0" tofloor="18" weight="56" />
  <passenger name="Xiao_179" comingtime="1322" fromfloor="1" tofloor="6" weight="51" />
  <passenger name="Xiao_180" comingtime="1094" fromfloor="0" tofloor="16" weight="60" />
  <passenger name="Xiao_181" comingtime="1964" fromfloor="0" tofloor="19" weight="64" />
  <passenger name="Xiao_182" comingtime="937" fromfloor="1" tofloor="7" weight="53" />
  <passenger name="Xiao_183" comingtime="2692" fromfloor="1" tofloor="2" weight="51" />
  <passenger name="Xiao_184" comingtime="1088" fromfloor="0" tofloor="9" weight="66" />
  <passenger name="Xiao_185" comingtime="1546" fromfloor="1" tofloor="5" weight="46" />
  <passenger name="Xiao_186" comingtime="852" fromfloor="0" tofloor="3" weight="63" />
  <passenger name="Xiao_187" comingtime="1723" fromfloor="1" tofloor="17" weight="46" />
  <passenger name="Xiao_188" comingtime="1599" fromfloor="0" tofloor="8" weight="57" />
  <passenger name="Xiao_189" comingtime="1776" fromfloor="1" tofloor="19" weight="48" />
  <passenger name="Xiao_190" comingtime="1034" fromfloor="1" tofloor="16" weight="57" />
  <passenger name="Xiao_191" comingtime="2611" fromfloor="1" tofloor="16" weight="49" />
  <passenger name="Xiao_192" comingtime="1675" fromfloor="0" tofloor="17" weight="64" />
  <passenger name="Xiao_193" comingtime="999" fromfloor="1" tofloor="7" weight="69" />
  <passenger name="Xiao_194" comingtime="2675" fromfloor="1" tofloor="17" weight="47" />
  <passenger name="Xiao_195" comingtime="2574" fromfloor="1" tofloor="18" weight="63" />
  <passenger name="Xiao_196" comingtime="94" fromfloor="1" tofloor="14" weight="61" />
  <passenger name="Xiao_197" comingtime="2999" fromfloor="0" tofloor="13" weight="49" />
  <passenger name="Xiao_198" comingtime="2319" fromfloor="0" tofloor="6" weight="69" />
  <passenger name="Xiao_199" comingtime="3226" fromfloor="1" tofloor="15" weight="59" />
  <passenger name="Xiao_200" comingtime="1391" fromfloor="0" tofloor="3" weight="53" />
  <passenger name="Xiao_201" comingtime="894" fromfloor="0" tofloor="2" weight="51" />
  <passenger name="Xiao_202" comingtime="912" fromfloor="1" tofloor="6" weight="61" />
  <passenger name="Xiao_203" comingtime="1384" fromfloor="1" tofloor="10" weight="55" />
  <passenger name="Xiao_204" comingtime="1481" fromfloor="0" tofloor="9" weight="64" />
  <passenger name="Xiao_205" comingtime="2327" fromfloor="1" tofloor="20" weight="69" />
  <passenger name="Xiao_206" comingtime="711" fromfloor="1" tofloor="10" weight="57" />
  <passenger name="Xiao_207" comingtime="2621" fromfloor="1" tofloor="3" weight="51" />
  <passenger name="Xiao_208" comingtime="1914" fromfloor="1" tofloor="5" weight="49" />
  <passenger name="Xiao_209" comingtime="65" fromfloor="0" tofloor="9" weight="57" />
  <passenger name="Xiao_210" comingtime="691" fromfloor="0" tofloor="11" weight="47" />
  <passenger name="Xiao_211" comingtime="87" fromfloor="0" tofloor="9" weight="49" />
  <passenger name="Xiao_212" comingtime="2802" fromfloor="1" tofloor="14" weight="65" />
  <passenger name="Xiao_213" comingtime="2801" fromfloor="1" tofloor="4" weight="60" />
  <passenger name="Xiao_214" comingtime="412" fromfloor="0" tofloor="18" weight="50" />
  <passenger name="Xiao_215" comingtime="809" fromfloor="0" tofloor="4" weight="50" />
  <passenger name="Xiao_216" comingtime="1416" fromfloor="0" tofloor="15" weight="51" />
  <passenger name="Xiao_217" comingtime="2180" fromfloor="0" tofloor="14" weight="50" />
  <passenger name="Xiao_218" comingtime="979" fromfloor="0" tofloor="10" weight="45" />
  <passenger name="Xiao_219" comingtime="331" fromfloor="0" tofloor="14" weight="65" />
  <passenger name="Xiao_220" comingtime="3197" fromfloor="0" tofloor="10" weight="65" />
  <passenger name="Xiao_221" comingtime="1755" fromfloor="0" tofloor="10" weight="68" />
  <passenger name="Xiao_222" comingtime="1981" fromfloor="0" tofloor="3" weight="69" />
  <passenger name="Xiao_223" comingtime="1430" fromfloor="1" tofloor="5" weight="53" />
  <passenger name="Xiao_224" comingtime="2133" fromfloor="0" tofloor="3" weight="53" />
  <passenger name="Xiao_225" comingtime="784" fromfloor="1" tofloor="15" weight="49" />
  <passenger name="Xiao_226" comingtime="475" fromfloor="0" tofloor="6" weight="47" />
  <passenger name="Xiao_227" comingtime="3018" fromfloor="1" tofloor="20" weight="63" />
  <passenger name="Xiao_228" comingtime="1218" fromfloor="0" tofloor="5" weight="67" />
  <passenger name="Xiao_229" comingtime="1012" fromfloor="1" tofloor="3" weight="68" />
  <passenger name="Xiao_230" comingtime="2011" fromfloor="0" tofloor="11" weight="69" />
  <passenger name="Xiao_231" comingtime="2547" fromfloor="1" tofloor="17" weight="62" />
  <passenger name="Xiao_232" comingtime="1108" fromfloor="1" tofloor="19" weight="54" />
  <passenger name="Xiao_233" comingtime="2198" fromfloor="0" tofloor="19" weight="45" />
  <passenger name="Xiao_234" comingtime="1492" fromfloor="0" tofloor="16" weight="57" />
  <passenger name="Xiao_235" comingtime="1664" fromfloor="1" tofloor="18" weight="58" />
  <passenger name="Xiao_236" comingtime="903" fromfloor="1" tofloor="6" weight="63" />
  <passenger name="Xiao_237" comingtime="1235" fromfloor="1" tofloor="3" weight="55" />
  <passenger name="Xiao_238" comingtime="1724" fromfloor="1" tofloor="3" weight="56" />
  <passenger name="Xiao_239" comingtime="1150" fromfloor="0" tofloor="20" weight="51" />
  <passenger name="Xiao_240" comingtime="2980" fromfloor="0" tofloor="10" weight="45" />
  <passenger name="Xiao_241" comingtime="2653" fromfloor="0" tofloor="9" weight="62" />
  <passenger name="Xiao_242" comingtime="2401" fromfloor="0" tofloor="5" weight="52" />
  <passenger name="Xiao_243" comingtime="3590" fromfloor="1" tofloor="3" weight="64" />
  <passenger name="Xiao_244" comingtime="583" fromfloor="1" tofloor="15" weight="52" />
  <passenger name="Xiao_245" comingtime="701" fromfloor="0" tofloor="15" weight="49" />
  <passenger name="Xiao_246" comingtime="543" fromfloor="0" tofloor="6" weight="54" />
  <passenger name="Xiao_247" comingtime="2492" fromfloor="0" tofloor="2" weight="66" />
  <passenger name="Xiao_248" comingtime="1532" fromfloor="0" tofloor="8" weight="55" />
  <passenger name="Xiao_249" comingtime="1916" fromfloor="1" tofloor="6" weight="62" />
  <passenger name="Xiao_250" comingtime="3073" fromfloor="0" tofloor="15" weight="69" />
  <passenger name="Xiao_251" comingtime="2512" fromfloor="0" tofloor="6" weight="57" />
  <passenger name="Xiao_252" comingtime="2698" fromfloor="0" tofloor="5" weight="54" />
  <passenger name="Xiao_253" comingtime="2990" fromfloor="1" tofloor="13" weight="61" />
  <passenger name="Xiao_254" comingtime="2264" fromfloor="0" tofloor="6" weight="48" />
  <passenger name="Xiao_255" comingtime="1445" fromfloor="1" tofloor="2" weight="53" />
  <passenger name="Xiao_256" comingtime="243" fromfloor="0" tofloor="14" weight="54" />
  <passenger name="Xiao_257" comingtime="2238" fromfloor="0" tofloor="18" weight="62" />
  <passenger name="Xiao_258" comingtime="1622" fromfloor="1" tofloor="15" weight="55" />
  <passenger name="Xiao_259" comingtime="1275" fromfloor="0" tofloor="18" weight="46" />
  <passenger name="Xiao_260" comingtime="998" fromfloor="0" tofloor="16" weight="68" />
  <passenger name="Xiao_261" comingtime="3064" fromfloor="1" tofloor="10" weight="54" />
  <passenger name="Xiao_262" comingtime="52" fromfloor="1" tofloor="15" weight="56" />
  <passenger name="Xiao_263" comingtime="3091" fromfloor="1" tofloor="3" weight="58" />
  <passenger name="Xiao_264" comingtime="2913" fromfloor="1" tofloor="10" weight="61" />
  <passenger name="Xiao_265" comingtime="1524" fromfloor="1" tofloor="3" weight="64" />
  <passenger name="Xiao_266" comingtime="2035" fromfloor="1" tofloor="6" weight="53" />
  <passenger name="Xiao_267" comingtime="3179" fromfloor="0" tofloor="10" weight="58" />
  <passenger name="Xiao_268" comingtime="908" fromfloor="0" tofloor="19" weight="66" />
  <passenger name="Xiao_269" comingtime="2583" fromfloor="0" tofloor="6" weight="58" />
  <passenger name="Xiao_270" comingtime="3176" fromfloor="0" tofloor="18" weight="53" />
  <passenger name="Xiao_271" comingtime="2142" fromfloor="0" tofloor="12" weight="66" />
  <passenger name="Xiao_272" comingtime="3567" fromfloor="1" tofloor="14" weight="64" />
  <passenger name="Xiao_273" comingtime="2829" fromfloor="1" tofloor="4" weight="53" />
  <passenger name="Xiao_274" comingtime="1792" fromfloor="1" tofloor="7" weight="60" />
  <passenger name="Xiao_275" comingtime="3055" fromfloor="1" tofloor="11" weight="55" />
  <passenger name="Xiao_276" comingtime="1587" fromfloor="0" tofloor="5" weight="60" />
  <passenger name="Xiao_277" comingtime="3170" fromfloor="1" tofloor="10" weight="61" />
  <passenger name="Xiao_278" comingtime="423" fromfloor="1" tofloor="5" weight="52" />
  <passenger name="Xiao_279" comingtime="581" fromfloor="0" tofloor="6" weight="58" />
  <passenger name="Xiao_280" comingtime="989" fromfloor="1" tofloor="12" weight="56" />
  <passenger name="Xiao_281" comingtime="1456" fromfloor="1" tofloor="15" weight="50" />
  <passenger name="Xiao_282" comingtime="1671" fromfloor="0" tofloor="11" weight="67" />
  <passenger name="Xiao_283" comingtime="1786" fromfloor="1" tofloor="20" weight="55" />
  <passenger name="Xiao_284" comingtime="2254" fromfloor="0" tofloor="19" weight="46" />
  <passenger name="Xiao_285" comingtime="3488" fromfloor="0" tofloor="6" weight="48" />
  <passenger name="Xiao_286" comingtime="2383" fromfloor="1" tofloor="11" weight="55" />
  <passenger name="Xiao_287" comingtime="1022" fromfloor="0" tofloor="5" weight="45" />
  <passenger name="Xiao_288" comingtime="1879" fromfloor="1" tofloor="10" weight="54" />
  <passenger name="Xiao_289" comingtime="3018" fromfloor="1" tofloor="13" weight="54" />
  <passenger name="Xiao_290" comingtime="2558" fromfloor="1" tofloor="8" weight="55" />
  <passenger name="Xiao_291" comingtime="1863" fromfloor="0" tofloor="6" weight="59" />
  <passenger name="Xiao_292" comingtime="286" fromfloor="1" tofloor="20" weight="60" />
  <passenger name="Xiao_293" comingtime="2002" fromfloor="0" tofloor="14" weight="45" />
  <passenger name="Xiao_294" comingtime="191" fromfloor="1" tofloor="6" weight="50" />
  <passenger name="Xiao_295" comingtime="1858" fromfloor="0" tofloor="13" weight="57" />
  <passenger name="Xiao_296" comingtime="434" fromfloor="1" tofloor="14" weight="68" />
  <passenger name="Xiao_297" comingtime="839" fromfloor="0" tofloor="10" weight="63" />
  <passenger name="Xiao_298" comingtime="1020" fromfloor="0" tofloor="3" weight="53" />
  <passenger name="Xiao_299" comingtime="259" fromfloor="0" tofloor="20" weight="51" />
  <passenger name="Xiao_300" comingtime="2111" fromfloor="1" tofloor="11" weight="66" />
  <passenger name="Xiao_301" comingtime="2401" fromfloor="1" tofloor="6" weight="61" />
  <passenger name="Xiao_302" comingtime="298" fromfloor="0" tofloor="16" weight="61" />
  <passenger name="Xiao_303" comingtime="2359" fromfloor="0" tofloor="5" weight="51" />
  <passenger name="Xiao_304" comingtime="2697" fromfloor="1" tofloor="11" weight="66" />
  <passenger name="Xiao_305" comingtime="3403" fromfloor="0" tofloor="19" weight="68" />
  <passenger name="Xiao_306" comingtime="3307" fromfloor="1" tofloor="16" weight="66" />
  <passenger name="Xiao_307" comingtime="1002" fromfloor="1" tofloor="4" weight="68" />
  <passenger name="Xiao_308" comingtime="1769" fromfloor="0" tofloor="9" weight="66" />
  <passenger name="Xiao_309" comingtime="909" fromfloor="1" tofloor="4" weight="49" />
  <passenger name="Xiao_310" comingtime="1216" fromfloor="0" tofloor="9" weight="69" />
  <passenger name="Xiao_311" comingtime="1332" fromfloor="0" tofloor="13" weight="48" />
  <passenger name="Xiao_312" comingtime="1490" fromfloor="0" tofloor="20" weight="45" />
  <passenger name="Xiao_313" comingtime="452" fromfloor="1" tofloor="4" weight="66" />
  <passenger name="Xiao_314" comingtime="797" fromfloor="1" tofloor="3" weight="57" />
  <passenger name="Xiao_315" comingtime="112" fromfloor="1" tofloor="13" weight="68" />
  <passenger name="Xiao_316" comingtime="1171" fromfloor="1" tofloor="15" weight="48" />
  <passenger name="Xiao_317" comingtime="2206" fromfloor="0" tofloor="14" weight="49" />
  <passenger name="Xiao_318" comingtime="3294" fromfloor="0" tofloor="19" weight="55" />
  <passenger name="Xiao_319" comingtime="403" fromfloor="1" tofloor="3" weight="66" />
  <passenger name="Xiao_320" comingtime="229" fromfloor="1" tofloor="8" weight="60" />
  <passenger name="Xiao_321" comingtime="1298" fromfloor="1" tofloor="7" weight="64" />
  <passenger name="Xiao_322" comingtime="1221" fromfloor="0" tofloor="5" weight="68" />
  <passenger name="Xiao_323" comingtime="2331" fromfloor="1" tofloor="6" weight="68" />
  <passenger name="Xiao_324" comingtime="522" fromfloor="1" tofloor="5" weight="60" />
  <passenger name="Xiao_325" comingtime="1536" fromfloor="1" tofloor="2" weight="45" />
  <passenger name="Xiao_326" comingtime="3532" fromfloor="0" tofloor="17" weight="65" />
  <passenger name="Xiao_327" comingtime="2040" fromfloor="1" tofloor="17" weight="55" />
  <passenger name="Xiao_328" comingtime="680" fromfloor="0" tofloor="17" weight="63" />
  <passenger name="Xiao_329" comingtime="1787" fromfloor="1" tofloor="19" weight="61" />
  <passenger name="Xiao_330" comingtime="1180" fromfloor="1" tofloor="6" weight="67" />
  <passenger name="Xiao_331" comingtime="2250" fromfloor="0" tofloor="17" weight="65" />
  <passenger name="Xiao_332" comingtime="1441" fromfloor="0" tofloor="8" weight="65" />
  <passenger name="Xiao_333" comingtime="1177" fromfloor="1" tofloor="8" weight="54" />
  <passenger name="Xiao_334" comingtime="3255" fromfloor="0" tofloor="4" weight="57" />
  <passenger name="Xiao_335" comingtime="743" fromfloor="0" tofloor="10" weight="57" />
  <passenger name="Xiao_336" comingtime="290" fromfloor="1" tofloor="9" weight="67" />
  <passenger name="Xiao_337" comingtime="1816" fromfloor="0" tofloor="11" weight="51" />
  <passenger name="Xiao_338" comingtime="1483" fromfloor="0" tofloor="18" weight="58" />
  <passenger name="Xiao_339" comingtime="1667" fromfloor="0" tofloor="11" weight="55" />
  <passenger name="Xiao_340" comingtime="1472" fromfloor="0" tofloor="11" weight="51" />
  <passenger name="Xiao_341" comingtime="1453" fromfloor="0" tofloor="2" weight="45" />
  <passenger name="Xiao_342" comingtime="404" fromfloor="0" tofloor="17" weight="54" />
  <passenger name="Xiao_343" comingtime="806" fromfloor="1" tofloor="16" weight="62" />
  <passenger name="Xiao_344" comingtime="1447" fromfloor="0" tofloor="15" weight="56" />
  <passenger name="Xiao_345" comingtime="2043" fromfloor="0" tofloor="18" weight="62" />
  <passenger name="Xiao_346" comingtime="2018" fromfloor="1" tofloor="17" weight="54" />
  <passenger name="Xiao_347" comingtime="1890" fromfloor="0" tofloor="6" weight="58" />
  <passenger name="Xiao_348" comingtime="1121" fromfloor="1" tofloor="8" weight="62" />
  <passenger name="Xiao_349" comingtime="959" fromfloor="1" tofloor="3" weight="68" />
  <passenger name="Xiao_350" comingtime="117" fromfloor="0" tofloor="2" weight="66" />
  <passenger name="Xiao_351" comingtime="2227" fromfloor="0" tofloor="14" weight="66" />
  <passenger name="Xiao_352" comingtime="1658" fromfloor="0" tofloor="16" weight="48" />
  <passenger name="Xiao_353" comingtime="3065" fromfloor="0" tofloor="5" weight="61" />
  <passenger name="Xiao_354" comingtime="822" fromfloor="0" tofloor="15" weight="60" />
  <passenger name="Xiao_355" comingtime="1284" fromfloor="0" tofloor="5" weight="64" />
  <passenger name="Xiao_356" comingtime="2837" fromfloor="1" tofloor="14" weight="69" />
  <passenger name="Xiao_357" comingtime="687" fromfloor="1" tofloor="7" weight="61" />
  <passenger name="Xiao_358" comingtime="2275" fromfloor="0" tofloor="17" weight="50" />
  <passenger name="Xiao_359" comingtime="380" fromfloor="1" tofloor="11" weight="61" />
  <passenger name="Xiao_360" comingtime="1497" fromfloor="0" tofloor="9" weight="63" />
  <passenger name="Xiao_361" comingtime="2685" fromfloor="0" tofloor="12" weight="64" />
  <passenger name="Xiao_362" comingtime="1637" fromfloor="1" tofloor="17" weight="45" />
  <passenger name="Xiao_363" comingtime="2113" fromfloor="1" tofloor="7" weight="48" />
  <passenger name="Xiao_364" comingtime="2920" fromfloor="1" tofloor="10" weight="61" />
  <passenger name="Xiao_365" comingtime="1110" fromfloor="1" tofloor="4" weight="58" />
  <passenger name="Xiao_366" comingtime="926" fromfloor="1" tofloor="12" weight="49" />
  <passenger name="Xiao_367" comingtime="3137" fromfloor="1" tofloor="17" weight="56" />
  <passenger name="Xiao_368" comingtime="3263" fromfloor="1" tofloor="10" weight="63" />
  <passenger name="Xiao_369" comingtime="2572" fromfloor="0" tofloor="7" weight="66" />
  <passenger name="Xiao_370" comingtime="1007" fromfloor="1" tofloor="9" weight="50" />
  <passenger name="Xiao_371" comingtime="2227" fromfloor="0" tofloor="5" weight="64" />
  <passenger name="Xiao_372" comingtime="3070" fromfloor="1" tofloor="15" weight="49" />
  <passenger name="Xiao_373" comingtime="468" fromfloor="1" tofloor="9" weight="53" />
  <passenger name="Xiao_374" comingtime="449" fromfloor="1" tofloor="6" weight="53" />
  <passenger name="Xiao_375" comingtime="2236" fromfloor="1" tofloor="7" weight="65" />
  <passenger name="Xiao_376" comingtime="480" fromfloor="1" tofloor="9" weight="62" />
  <passenger name="Xiao_377" comingtime="2458" fromfloor="1" tofloor="17" weight="69" />
  <passenger name="Xiao_378" comingtime="1494" fromfloor="1" tofloor="9" weight="59" />
  <passenger name="Xiao_379" comingtime="965" fromfloor="0" tofloor="10" weight="47" />
  <passenger name="Xiao_380" comingtime="1674" fromfloor="0" tofloor="13" weight="58" />
  <passenger name="Xiao_381" comingtime="2880" fromfloor="0" tofloor="19" weight="67" />
  <passenger name="Xiao_382" comingtime="2612" fromfloor="1" tofloor="3" weight="51" />
  <passenger name="Xiao_383" comingtime="738" fromfloor="1" tofloor="16" weight="55" />
  <passenger name="Xiao_384" comingtime="276" fromfloor="0" tofloor="2" weight="49" />
  <passenger name="Xiao_385" comingtime="436" fromfloor="1" tofloor="4" weight="59" />
  <passenger name="Xiao_386" comingtime="2108" fromfloor="0" tofloor="4" weight="49" />
  <passenger name="Xiao_387" comingtime="3458" fromfloor="1" tofloor="6" weight="68" />
  <passenger name="Xiao_388" comingtime="879" fromfloor="0" tofloor="19" weight="58" />
  <passenger name="Xiao_389" comingtime="893" fromfloor="0" tofloor="20" weight="65" />
  <passenger name="Xiao_390" comingtime="2316" fromfloor="0" tofloor="14" weight="51" />
  <passenger name="Xiao_391" comingtime="351" fromfloor="0" tofloor="17" weight="64" />
  <passenger name="Xiao_392" comingtime="302" fromfloor="1" tofloor="14" weight="52" />
  <passenger name="Xiao_393" comingtime="2245" fromfloor="0" tofloor="19" weight="49" />
  <passenger name="Xiao_394" comingtime="1635" fromfloor="1" tofloor="3" weight="60" />
  <passenger name="Xiao_395" comingtime="304" fromfloor="0" tofloor="9" weight="65" />
  <passenger name="Xiao_396" comingtime="2177" fromfloor="1" tofloor="15" weight="50" />
  <passenger name="Xiao_397" comingtime="2499" fromfloor="0" tofloor="5" weight="51" />
  <passenger name="Xiao_398" comingtime="573" fromfloor="1" tofloor="4" weight="54" />
  <passenger name="Xiao_399" comingtime="3507" fromfloor="1" tofloor="20" weight="45" />
  <passenger name="Xiao_400" comingtime="3062" fromfloor="0" tofloor="14" weight="48" />
  <passenger name="Xiao_401" comingtime="1686" fromfloor="0" tofloor="15" weight="75" />
  <passenger name="Xiao_402" comingtime="3403" fromfloor="0" tofloor="6" weight="80" />
  <passenger name="Xiao_403" comingtime="1365" fromfloor="0" tofloor="20" weight="95" />
  <passenger name="Xiao_404" comingtime="2986" fromfloor="0" tofloor="15" weight="81" />
  <passenger name="Xiao_405" comingtime="69" fromfloor="0" tofloor="8" weight="78" />
  <passenger name="Xiao_406" comingtime="2152" fromfloor="0" tofloor="19" weight="96" />
  <passenger name="Xiao_407" comingtime="2650" fromfloor="1" tofloor="10" weight="83" />
  <passenger name="Xiao_408" comingtime="562" fromfloor="1" tofloor="5" weight="94" />
  <passenger name="Xiao_409" comingtime="803" fromfloor="0" tofloor="5" weight="104" />
  <passenger name="Xiao_410" comingtime="3150" fromfloor="0" tofloor="6" weight="104" />
  <passenger name="Xiao_411" comingtime="2239" fromfloor="0" tofloor="3" weight="84" />
  <passenger name="Xiao_412" comingtime="2508" fromfloor="0" tofloor="3" weight="87" />
  <passenger name="Xiao_413" comingtime="885" fromfloor="0" tofloor="4" weight="78" />
  <passenger name="Xiao_414" comingtime="3383" fromfloor="1" tofloor="9" weight="105" />
  <passenger name="Xiao_415" comingtime="3599" fromfloor="1" tofloor="16" weight="93" />
  <passenger name="Xiao_416" comingtime="2525" fromfloor="0" tofloor="19" weight="109" />
  <passenger name="Xiao_417" comingtime="202" fromfloor="0" tofloor="6" weight="70" />
  <passenger name="Xiao_418" comingtime="574" fromfloor="0" tofloor="13" weight="78" />
  <passenger name="Xiao_419" comingtime="2738" fromfloor="1" tofloor="18" weight="96" />
  <passenger name="Xiao_420" comingtime="1013" fromfloor="1" tofloor="4" weight="70" />
  <passenger name="Xiao_421" comingtime="2444" fromfloor="1" tofloor="2" weight="107" />
  <passenger name="Xiao_422" comingtime="198" fromfloor="1" tofloor="20" weight="101" />
  <passenger name="Xiao_423" comingtime="26" fromfloor="1" tofloor="20" weight="82" />
  <passenger name="Xiao_424" comingtime="1932" fromfloor="1" tofloor="17" weight="110" />
  <passenger name="Xiao_425" comingtime="2130" fromfloor="0" tofloor="4" weight="74" />
  <passenger name="Xiao_426" comingtime="105" fromfloor="1" tofloor="18" weight="91" />
  <passenger name="Xiao_427" comingtime="698" fromfloor="0" tofloor="20" weight="85" />
  <passenger name="Xiao_428" comingtime="2259" fromfloor="1" tofloor="5" weight="119" />
  <passenger name="Xiao_429" comingtime="1593" fromfloor="1" tofloor="17" weight="93" />
  <passenger name="Xiao_430" comingtime="1487" fromfloor="0" tofloor="4" weight="80" />
  <passenger name="Xiao_431" comingtime="17" fromfloor="1" tofloor="18" weight="119" />
  <passenger name="Xiao_432" comingtime="2115" fromfloor="0" tofloor="3" weight="88" />
  <passenger name="Xiao_433" comingtime="1249" fromfloor="1" tofloor="18" weight="110" />
  <passenger name="Xiao_434" comingtime="1278" fromfloor="1" tofloor="3" weight="116" />
  <passenger name="Xiao_435" comingtime="1068" fromfloor="1" tofloor="9" weight="90" />
  <passenger name="Xiao_436" comingtime="645" fromfloor="0" tofloor="4" weight="93" />
  <passenger name="Xiao_437" comingtime="2592" fromfloor="0" tofloor="8" weight="70" />
  <passenger name="Xiao_438" comingtime="1173" fromfloor="0" tofloor="13" weight="78" />
  <passenger name="Xiao_439" comingtime="1603" fromfloor="1" tofloor="13" weight="112" />
  <passenger name="Xiao_440" comingtime="1229" fromfloor="1" tofloor="5" weight="77" />
  <passenger name="Xiao_441" comingtime="2779" fromfloor="0" tofloor="17" weight="111" />
  <passenger name="Xiao_442" comingtime="460" fromfloor="0" tofloor="20" weight="118" />
  <passenger name="Xiao_443" comingtime="811" fromfloor="1" tofloor="5" weight="72" />
  <passenger name="Xiao_444" comingtime="2797" fromfloor="1" tofloor="13" weight="118" />
  <passenger name="Xiao_445" comingtime="851" fromfloor="1" tofloor="4" weight="113" />
  <passenger name="Xiao_446" comingtime="2102" fromfloor="0" tofloor="8" weight="108" />
  <passenger name="Xiao_447" comingtime="3050" fromfloor="1" tofloor="10" weight="103" />
  <passenger name="Xiao_448" comingtime="2612" fromfloor="1" tofloor="2" weight="111" />
  <passenger name="Xiao_449" comingtime="2270" fromfloor="0" tofloor="15" weight="82" />
  <passenger name="Xiao_450" comingtime="1426" fromfloor="1" tofloor="10" weight="93" />
  <passenger name="Xiao_451" comingtime="1098" fromfloor="1" tofloor="5" weight="106" />
  <passenger name="Xiao_452" comingtime="1054" fromfloor="1" tofloor="15" weight="83" />
  <passenger name="Xiao_453" comingtime="2272" fromfloor="0" tofloor="11" weight="91" />
  <passenger name="Xiao_454" comingtime="2247" fromfloor="0" tofloor="9" weight="117" />
  <passenger name="Xiao_455" comingtime="2675" fromfloor="0" tofloor="9" weight="105" />
  <passenger name="Xiao_456" comingtime="2697" fromfloor="0" tofloor="11" weight="92" />
  <passenger name="Xiao_457" comingtime="2437" fromfloor="0" tofloor="8" weight="82" />
  <passenger name="Xiao_458" comingtime="1401" fromfloor="0" tofloor="5" weight="105" />
  <passenger name="Xiao_459" comingtime="2722" fromfloor="0" tofloor="5" weight="108" />
  <passenger name="Xiao_460" comingtime="3568" fromfloor="1" tofloor="17" weight="83" />
  <passenger name="Xiao_461" comingtime="3157" fromfloor="1" tofloor="20" weight="106" />
  <passenger name="Xiao_462" comingtime="2883" fromfloor="1" tofloor="5" weight="89" />
  <passenger name="Xiao_463" comingtime="1459" fromfloor="0" tofloor="19" weight="92" />
  <passenger name="Xiao_464" comingtime="1484" fromfloor="1" tofloor="7" weight="113" />
  <passenger name="Xiao_465" comingtime="3421" fromfloor="0" tofloor="4" weight="73" />
  <passenger name="Xiao_466" comingtime="1988" fromfloor="1" tofloor="12" weight="103" />
  <passenger name="Xiao_467" comingtime="2419" fromfloor="0" tofloor="5" weight="80" />
  <passenger name="Xiao_468" comingtime="3593" fromfloor="1" tofloor="12" weight="76" />
  <passenger name="Xiao_469" comingtime="1607" fromfloor="0" tofloor="10" weight="70" />
  <passenger name="Xiao_470" comingtime="1674" fromfloor="0" tofloor="5" weight="96" />
  <passenger name="Xiao_471" comingtime="3059" fromfloor="1" tofloor="4" weight="103" />
  <passenger name="Xiao_472" comingtime="2241" fromfloor="0" tofloor="15" weight="89" />
  <passenger name="Xiao_473" comingtime="1139" fromfloor="0" tofloor="18" weight="79" />
  <passenger name="Xiao_474" comingtime="219" fromfloor="0" tofloor="17" weight="97" />
  <passenger name="Xiao_475" comingtime="1502" fromfloor="1" tofloor="15" weight="72" />
  <passenger name="Xiao_476" comingtime="750" fromfloor="0" tofloor="15" weight="73" />
  <passenger name="Xiao_477" comingtime="1717" fromfloor="1" tofloor="16" weight="100" />
  <passenger name="Xiao_478" comingtime="2175" fromfloor="0" tofloor="18" weight="102" />
  <passenger name="Xiao_479" comingtime="1847" fromfloor="0" tofloor="19" weight="93" />
  <passenger name="Xiao_480" comingtime="94" fromfloor="1" tofloor="8" weight="106" />
  <passenger name="Xiao_481" comingtime="2094" fromfloor="0" tofloor="5" weight="107" />
  <passenger name="Xiao_482" comingtime="3441" fromfloor="1" tofloor="3" weight="78" />
  <passenger name="Xiao_483" comingtime="3374" fromfloor="0" tofloor="5" weight="89" />
  <passenger name="Xiao_484" comingtime="2490" fromfloor="1" tofloor="11" weight="105" />
  <passenger name="Xiao_485" comingtime="1191" fromfloor="0" tofloor="16" weight="89" />
  <passenger name="Xiao_486" comingtime="2450" fromfloor="1" tofloor="17" weight="111" />
  <passenger name="Xiao_487" comingtime="724" fromfloor="0" tofloor="17" weight="106" />
  <passenger name="Xiao_488" comingtime="2567" fromfloor="1" tofloor="9" weight="91" />
  <passenger name="Xiao_489" comingtime="2847" fromfloor="1" tofloor="9" weight="81" />
  <passenger name="Xiao_490" comingtime="1054" fromfloor="0" tofloor="3" weight="110" />
  <passenger name="Xiao_491" comingtime="3342" fromfloor="1" tofloor="14" weight="95" />
  <passenger name="Xiao_492" comingtime="769" fromfloor="0" tofloor="20" weight="99" />
  <passenger name="Xiao_493" comingtime="616" fromfloor="1" tofloor="3" weight="100" />
  <passenger name="Xiao_494" comingtime="1492" fromfloor="1" tofloor="5" weight="97" />
  <passenger name="Xiao_495" comingtime="2780" fromfloor="1" tofloor="20" weight="84" />
  <passenger name="Xiao_496" comingtime="540" fromfloor="1" tofloor="13" weight="74" />
  <passenger name="Xiao_497" comingtime="2218" fromfloor="0" tofloor="9" weight="74" />
  <passenger name="Xiao_498" comingtime="353" fromfloor="1" tofloor="11" weight="96" />
  <passenger name="Xiao_499" comingtime="1453" fromfloor="0" tofloor="10" weight="110" />
  <passenger name="Xiao_500" comingtime="2632" fromfloor="0" tofloor="2" weight="104" />
  <passenger name="Xiao_501" comingtime="2202" fromfloor="1" tofloor="5" weight="74" />
  <passenger name="Xiao_502" comingtime="1676" fromfloor="1" tofloor="16" weight="111" />
  <passenger name="Xiao_503" comingtime="661" fromfloor="0" tofloor="2" weight="111" />
  <passenger name="Xiao_504" comingtime="3428" fromfloor="1" tofloor="18" weight="107" />
  <passenger name="Xiao_505" comingtime="2859" fromfloor="0" tofloor="6" weight="100" />
  <passenger name="Xiao_506" comingtime="3217" fromfloor="0" tofloor="7" weight="92" />
  <passenger name="Xiao_507" comingtime="1792" fromfloor="0" tofloor="2" weight="108" />
  <passenger name="Xiao_508" comingtime="3373" fromfloor="0" tofloor="16" weight="104" />
  <passenger name="Xiao_509" comingtime="939" fromfloor="1" tofloor="7" weight="78" />
  <passenger name="Xiao_510" comingtime="2867" fromfloor="1" tofloor="10" weight="95" />
  <passenger name="Xiao_511" comingtime="316" fromfloor="1" tofloor="11" weight="72" />
  <passenger name="Xiao_512" comingtime="2890" fromfloor="1" tofloor="19" weight="71" />
  <passenger name="Xiao_513" comingtime="2425" fromfloor="0" tofloor="3" weight="80" />
  <passenger name="Xiao_514" comingtime="2767" fromfloor="0" tofloor="15" weight="100" />
  <passenger name="Xiao_515" comingtime="584" fromfloor="0" tofloor="11" weight="97" />
  <passenger name="Xiao_516" comingtime="694" fromfloor="0" tofloor="9" weight="82" />
  <passenger name="Xiao_517" comingtime="1555" fromfloor="1" tofloor="17" weight="77" />
  <passenger name="Xiao_518" comingtime="592" fromfloor="0" tofloor="5" weight="119" />
  <passenger name="Xiao_519" comingtime="3098" fromfloor="1" tofloor="17" weight="90" />
  <passenger name="Xiao_520" comingtime="2401" fromfloor="0" tofloor="18" weight="92" />
  <passenger name="Xiao_521" comingtime="1124" fromfloor="1" tofloor="6" weight="98" />
  <passenger name="Xiao_522" comingtime="2519" fromfloor="0" tofloor="2" weight="87" />
  <passenger name="Xiao_523" comingtime="199" fromfloor="1" tofloor="7" weight="85" />
  <passenger name="Xiao_524" comingtime="1740" fromfloor="1" tofloor="15" weight="79" />
  <passenger name="Xiao_525" comingtime="1438" fromfloor="0" tofloor="14" weight="86" />
  <passenger name="Xiao_526" comingtime="2129" fromfloor="0" tofloor="18" weight="83" />
  <passenger name="Xiao_527" comingtime="2906" fromfloor="0" tofloor="9" weight="114" />
  <passenger name="Xiao_528" comingtime="676" fromfloor="1" tofloor="2" weight="101" />
  <passenger name="Xiao_529" comingtime="2773" fromfloor="0" tofloor="10" weight="85" />
  <passenger name="Xiao_530" comingtime="1262" fromfloor="0" tofloor="20" weight="75" />
  <passenger name="Xiao_531" comingtime="1078" fromfloor="1" tofloor="2" weight="81" />
  <passenger name="Xiao_532" comingtime="136" fromfloor="1" tofloor="17" weight="92" />
  <passenger name="Xiao_533" comingtime="2825" fromfloor="0" tofloor="19" weight="93" />
  <passenger name="Xiao_534" comingtime="2420" fromfloor="0" tofloor="14" weight="75" />
  <passenger name="Xiao_535" comingtime="2899" fromfloor="1" tofloor="8" weight="74" />
  <passenger name="Xiao_536" comingtime="1048" fromfloor="1" tofloor="4" weight="95" />
  <passenger name="Xiao_537" comingtime="378" fromfloor="1" tofloor="16" weight="115" />
  <passenger name="Xiao_538" comingtime="1862" fromfloor="0" tofloor="7" weight="94" />
  <passenger name="Xiao_539" comingtime="1935" fromfloor="1" tofloor="16" weight="79" />
  <passenger name="Xiao_540" comingtime="1042" fromfloor="1" tofloor="20" weight="98" />
  <passenger name="Xiao_541" comingtime="923" fromfloor="0" tofloor="14" weight="85" />
  <passenger name="Xiao_542" comingtime="532" fromfloor="0" tofloor="20" weight="104" />
  <passenger name="Xiao_543" comingtime="1143" fromfloor="1" tofloor="11" weight="113" />
  <passenger name="Xiao_544" comingtime="1894" fromfloor="1" tofloor="4" weight="117" />
  <passenger name="Xiao_545" comingtime="1990" fromfloor="1" tofloor="19" weight="107" />
  <passenger name="Xiao_546" comingtime="2716" fromfloor="1" tofloor="20" weight="104" />
  <passenger name="Xiao_547" comingtime="2375" fromfloor="1" tofloor="9" weight="85" />
  <passenger name="Xiao_548" comingtime="1375" fromfloor="1" tofloor="9" weight="81" />
  <passenger name="Xiao_549" comingtime="2169" fromfloor="0" tofloor="11" weight="108" />
  <passenger name="Xiao_550" comingtime="2514" fromfloor="1" tofloor="5" weight="72" />
  <passenger name="Xiao_551" comingtime="2424" fromfloor="0" tofloor="3" weight="118" />
  <passenger name="Xiao_552" comingtime="2797" fromfloor="1" tofloor="4" weight="118" />
  <passenger name="Xiao_553" comingtime="3167" fromfloor="1" tofloor="15" weight="89" />
  <passenger name="Xiao_554" comingtime="2301" fromfloor="0" tofloor="2" weight="101" />
  <passenger name="Xiao_555" comingtime="1795" fromfloor="1" tofloor="17" weight="101" />
  <passenger name="Xiao_556" comingtime="104" fromfloor="1" tofloor="8" weight="87" />
  <passenger name="Xiao_557" comingtime="2385" fromfloor="1" tofloor="17" weight="109" />
  <passenger name="Xiao_558" comingtime="2245" fromfloor="1" tofloor="9" weight="98" />
  <passenger name="Xiao_559" comingtime="2636" fromfloor="0" tofloor="6" weight="83" />
  <passenger name="Xiao_560" comingtime="2641" fromfloor="0" tofloor="2" weight="93" />
  <passenger name="Xiao_561" comingtime="2100" fromfloor="1" tofloor="6" weight="84" />
  <passenger name="Xiao_562" comingtime="442" fromfloor="1" tofloor="13" weight="71" />
  <passenger name="Xiao_563" comingtime="641" fromfloor="1" tofloor="19" weight="108" />
  <passenger name="Xiao_564" comingtime="1774" fromfloor="1" tofloor="20" weight="82" />
  <passenger name="Xiao_565" comingtime="1329" fromfloor="0" tofloor="4" weight="89" />
  <passenger name="Xiao_566" comingtime="1896" fromfloor="1" tofloor="4" weight="99" />
  <passenger name="Xiao_567" comingtime="2399" fromfloor="1" tofloor="6" weight="77" />
  <passenger name="Xiao_568" comingtime="941" fromfloor="0" tofloor="20" weight="90" />
  <passenger name="Xiao_569" comingtime="1811" fromfloor="0" tofloor="16" weight="104" />
  <passenger name="Xiao_570" comingtime="814" fromfloor="0" tofloor="13" weight="115" />
  <passenger name="Xiao_571" comingtime="2606" fromfloor="1" tofloor="15" weight="104" />
  <passenger name="Xiao_572" comingtime="3157" fromfloor="1" tofloor="11" weight="109" />
  <passenger name="Xiao_573" comingtime="2023" fromfloor="0" tofloor="17" weight="78" />
  <passenger name="Xiao_574" comingtime="3537" fromfloor="1" tofloor="20" weight="90" />
  <passenger name="Xiao_575" comingtime="3317" fromfloor="1" tofloor="20" weight="110" />
  <passenger name="Xiao_576" comingtime="2087" fromfloor="1" tofloor="5" weight="84" />
  <passenger name="Xiao_577" comingtime="764" fromfloor="0" tofloor="13" weight="75" />
  <passenger name="Xiao_578" comingtime="1126" fromfloor="1" tofloor="11" weight="109" />
  <passenger name="Xiao_579" comingtime="2427" fromfloor="0" tofloor="11" weight="81" />
  <passenger name="Xiao_580" comingtime="2241" fromfloor="1" tofloor="12" weight="113" />
  <passenger name="Xiao_581" comingtime="634" fromfloor="0" tofloor="12" weight="84" />
  <passenger name="Xiao_582" comingtime="1330" fromfloor="1" tofloor="3" weight="84" />
  <passenger name="Xiao_583" comingtime="3205" fromfloor="1" tofloor="9" weight="100" />
  <passenger name="Xiao_584" comingtime="1636" fromfloor="1" tofloor="8" weight="86" />
  <passenger name="Xiao_585" comingtime="173" fromfloor="0" tofloor="20" weight="82" />
  <passenger name="Xiao_586" comingtime="480" fromfloor="1" tofloor="17" weight="71" />
  <passenger name="Xiao_587" comingtime="1159" fromfloor="1" tofloor="15" weight="98" />
  <passenger name="Xiao_588" comingtime="1516" fromfloor="0" tofloor="6" weight="71" />
  <passenger name="Xiao_589" comingtime="1902" fromfloor="1" tofloor="2" weight="79" />
  <passenger name="Xiao_590" comingtime="620" fromfloor="1" tofloor="13" weight="119" />
  <passenger name="Xiao_591" comingtime="622" fromfloor="1" tofloor="10" weight="83" />
  <passenger name="Xiao_592" comingtime="1421" fromfloor="0" tofloor="6" weight="89" />
  <passenger name="Xiao_593" comingtime="1759" fromfloor="0" tofloor="15" weight="116" />
  <passenger name="Xiao_594" comingtime="872" fromfloor="1" tofloor="20" weight="109" />
  <passenger name="Xiao_595" comingtime="2323" fromfloor="1" tofloor="13" weight="83" />
  <passenger name="Xiao_596" comingtime="2336" fromfloor="1" tofloor="6" weight="95" />
  <passenger name="Xiao_597" comingtime="3274" fromfloor="1" tofloor="13" weight="104" />
  <passenger name="Xiao_598" comingtime="2323" fromfloor="0" tofloor="7" weight="110" />
  <passenger name="Xiao_599" comingtime="2882" fromfloor="0" tofloor="19" weight="87" />
  <passenger name="Xiao_600" comingtime="430" fromfloor="0" tofloor="3" weight="70" />
  <passenger name="Xiao_601" comingtime="2029" fromfloor="0" tofloor="14" weight="110" />
  <passenger name="Xiao_602" comingtime="292" fromfloor="1" tofloor="2" weight="113" />
  <passenger name="Xiao_603" comingtime="110" fromfloor="0" tofloor="4" weight="106" />
  <passenger name="Xiao_604" comingtime="362" fromfloor="1" tofloor="13" weight="75" />
  <passenger name="Xiao_605" comingtime="3377" fromfloor="0" tofloor="3" weight="107" />
  <passenger name="Xiao_606" comingtime="1950" fromfloor="1" tofloor="15" weight="102" />
  <passenger name="Xiao_607" comingtime="2279" fromfloor="1" tofloor="2" weight="110" />
  <passenger name="Xiao_608" comingtime="438" fromfloor="1" tofloor="9" weight="70" />
  <passenger name="Xiao_609" comingtime="519" fromfloor="0" tofloor="8" weight="78" />
  <passenger name="Xiao_610" comingtime="3344" fromfloor="0" tofloor="20" weight="86" />
  <passenger name="Xiao_611" comingtime="1088" fromfloor="0" tofloor="17" weight="102" />
  <passenger name="Xiao_612" comingtime="2413" fromfloor="1" tofloor="9" weight="86" />
  <passenger name="Xiao_613" comingtime="2417" fromfloor="1" tofloor="2" weight="96" />
  <passenger name="Xiao_614" comingtime="2608" fromfloor="0" tofloor="15" weight="74" />
  <passenger name="Xiao_615" comingtime="2567" fromfloor="1" tofloor="14" weight="118" />
  <passenger name="Xiao_616" comingtime="1096" fromfloor="1" tofloor="4" weight="80" />
  <passenger name="Xiao_617" comingtime="1336" fromfloor="0" tofloor="12" weight="79" />
  <passenger name="Xiao_618" comingtime="1089" fromfloor="1" tofloor="11" weight="72" />
  <passenger name="Xiao_619" comingtime="1861" fromfloor="0" tofloor="9" weight="83" />
  <passenger name="Xiao_620" comingtime="2415" fromfloor="1" tofloor="8" weight="104" />
  <passenger name="Xiao_621" comingtime="2324" fromfloor="1" tofloor="13" weight="78" />
  <passenger name="Xiao_622" comingtime="2171" fromfloor="0" tofloor="17" weight="109" />
  <passenger name="Xiao_623" comingtime="2189" fromfloor="0" tofloor="5" weight="103" />
  <passenger name="Xiao_624" comingtime="3222" fromfloor="0" tofloor="16" weight="104" />
  <passenger name="Xiao_625" comingtime="3524" fromfloor="0" tofloor="8" weight="84" />
  <passenger name="Xiao_626" comingtime="3086" fromfloor="1" tofloor="19" weight="104" />
  <passenger name="Xiao_627" comingtime="3368" fromfloor="0" tofloor="15" weight="81" />
  <passenger name="Xiao_628" comingtime="2386" fromfloor="1" tofloor="9" weight="91" />
  <passenger name="Xiao_629" comingtime="1228" fromfloor="0" tofloor="8" weight="85" />
  <passenger name="Xiao_630" comingtime="2168" fromfloor="1" tofloor="15" weight="70" />
  <passenger name="Xiao_631" comingtime="3263" fromfloor="0" tofloor="5" weight="105" />
  <passenger name="Xiao_632" comingtime="1086" fromfloor="1" tofloor="15" weight="77" />
  <passenger name="Xiao_633" comingtime="1492" fromfloor="1" tofloor="9" weight="113" />
  <passenger name="Xiao_634" comingtime="2333" fromfloor="0" tofloor="3" weight="116" />
  <passenger name="Xiao_635" comingtime="2627" fromfloor="1" tofloor="14" weight="107" />
  <passenger name="Xiao_636" comingtime="860" fromfloor="0" tofloor="13" weight="78" />
  <passenger name="Xiao_637" comingtime="2670" fromfloor="1" tofloor="10" weight="94" />
  <passenger name="Xiao_638" comingtime="1332" fromfloor="1" tofloor="15" weight="100" />
  <passenger name="Xiao_639" comingtime="242" fromfloor="0" tofloor="16" weight="79" />
  <passenger name="Xiao_640" comingtime="1631" fromfloor="1" tofloor="6" weight="93" />
  <passenger name="Xiao_641" comingtime="3316" fromfloor="0" tofloor="18" weight="93" />
  <passenger name="Xiao_642" comingtime="1911" fromfloor="1" tofloor="9" weight="99" />
  <passenger name="Xiao_643" comingtime="1795" fromfloor="1" tofloor="7" weight="102" />
  <passenger name="Xiao_644" comingtime="1429" fromfloor="0" tofloor="17" weight="97" />
  <passenger name="Xiao_645" comingtime="3106" fromfloor="1" tofloor="18" weight="101" />
  <passenger name="Xiao_646" comingtime="1344" fromfloor="0" tofloor="9" weight="108" />
  <passenger name="Xiao_647" comingtime="2113" fromfloor="1" tofloor="14" weight="107" />
  <passenger name="Xiao_648" comingtime="1791" fromfloor="0" tofloor="17" weight="82" />
  <passenger name="Xiao_649" comingtime="2609" fromfloor="1" tofloor="10" weight="93" />
  <passenger name="Xiao_650" comingtime="1085" fromfloor="0" tofloor="9" weight="117" />
  <passenger name="Xiao_651" comingtime="1605" fromfloor="1" tofloor="5" weight="75" />
  <passenger name="Xiao_652" comingtime="85" fromfloor="0" tofloor="15" weight="80" />
  <passenger name="Xiao_653" comingtime="2794" fromfloor="0" tofloor="18" weight="83" />
  <passenger name="Xiao_654" comingtime="966" fromfloor="0" tofloor="11" weight="86" />
  <passenger name="Xiao_655" comingtime="3527" fromfloor="1" tofloor="13" weight="103" />
  <passenger name="Xiao_656" comingtime="2872" fromfloor="1" tofloor="16" weight="113" />
  <passenger name="Xiao_657" comingtime="2177" fromfloor="1" tofloor="4" weight="86" />
  <passenger name="Xiao_658" comingtime="2011" fromfloor="0" tofloor="2" weight="100" />
  <passenger name="Xiao_659" comingtime="3429" fromfloor="1" tofloor="8" weight="73" />
  <passenger name="Xiao_660" comingtime="1194" fromfloor="0" tofloor="4" weight="115" />
  <passenger name="Xiao_661" comingtime="2836" fromfloor="0" tofloor="18" weight="114" />
  <passenger name="Xiao_662" comingtime="3407" fromfloor="1" tofloor="5" weight="99" />
  <passenger name="Xiao_663" comingtime="1911" fromfloor="0" tofloor="10" weight="78" />
  <passenger name="Xiao_664" comingtime="2577" fromfloor="0" tofloor="18" weight="96" />
  <passenger name="Xiao_665" comingtime="2455" fromfloor="1" tofloor="11" weight="76" />
  <passenger name="Xiao_666" comingtime="2057" fromfloor="0" tofloor="13" weight="79" />
  <passenger name="Xiao_667" comingtime="1830" fromfloor="1" tofloor="13" weight="105" />
  <passenger name="Xiao_668" comingtime="968" fromfloor="1" tofloor="4" weight="82" />
  <passenger name="Xiao_669" comingtime="132" fromfloor="1" tofloor="12" weight="78" />
  <passenger name="Xiao_670" comingtime="2709" fromfloor="0" tofloor="14" weight="89" />
  <passenger name="Xiao_671" comingtime="3144" fromfloor="0" tofloor="6" weight="108" />
  <passenger name="Xiao_672" comingtime="808" fromfloor="0" tofloor="3" weight="100" />
  <passenger name="Xiao_673" comingtime="3584" fromfloor="0" tofloor="17" weight="92" />
  <passenger name="Xiao_674" comingtime="2130" fromfloor="0" tofloor="11" weight="86" />
  <passenger name="Xiao_675" comingtime="868" fromfloor="1" tofloor="12" weight="84" />
  <passenger name="Xiao_676" comingtime="475" fromfloor="1" tofloor="19" weight="96" />
  <passenger name="Xiao_677" comingtime="1973" fromfloor="0" tofloor="8" weight="105" />
  <passenger name="Xiao_678" comingtime="2619" fromfloor="1" tofloor="14" weight="96" />
  <passenger name="Xiao_679" comingtime="1025" fromfloor="0" tofloor="11" weight="107" />
  <passenger name="Xiao_680" comingtime="1527" fromfloor="1" tofloor="3" weight="101" />
  <passenger name="Xiao_681" comingtime="2976" fromfloor="0" tofloor="19" weight="107" />
  <passenger name="Xiao_682" comingtime="1762" fromfloor="1" tofloor="7" weight="100" />
  <passenger name="Xiao_683" comingtime="1433" fromfloor="1" tofloor="4" weight="92" />
  <passenger name="Xiao_684" comingtime="1772" fromfloor="1" tofloor="20" weight="109" />
  <passenger name="Xiao_685" comingtime="1450" fromfloor="1" tofloor="11" weight="74" />
  <passenger name="Xiao_686" comingtime="2332" fromfloor="0" tofloor="19" weight="99" />
  <passenger name="Xiao_687" comingtime="1598" fromfloor="1" tofloor="18" weight="101" />
  <passenger name="Xiao_688" comingtime="2854" fromfloor="1" tofloor="2" weight="87" />
  <passenger name="Xiao_689" comingtime="3369" fromfloor="1" tofloor="7" weight="100" />
  <passenger name="Xiao_690" comingtime="517" fromfloor="0" tofloor="5" weight="97" />
  <passenger name="Xiao_691" comingtime="3133" fromfloor="1" tofloor="17" weight="108" />
  <passenger name="Xiao_692" comingtime="831" fromfloor="1" tofloor="14" weight="98" />
  <passenger name="Xiao_693" comingtime="191" fromfloor="1" tofloor="19" weight="83" />
  <passenger name="Xiao_694" comingtime="1857" fromfloor="1" tofloor="2" weight="108" />
  <passenger name="Xiao_695" comingtime="3067" fromfloor="0" tofloor="20" weight="88" />
  <passenger name="Xiao_696" comingtime="732" fromfloor="1" tofloor="4" weight="76" />
  <passenger name="Xiao_697" comingtime="1835" fromfloor="0" tofloor="17" weight="100" />
  <passenger name="Xiao_698" comingtime="2299" fromfloor="0" tofloor="14" weight="80" />
  <passenger name="Xiao_699" comingtime="2334" fromfloor="0" tofloor="17" weight="116" />
  <passenger name="Xiao_700" comingtime="3500" fromfloor="0" tofloor="3" weight="119" />
  <passenger name="Xiao_701" comingtime="1333" fromfloor="1" tofloor="11" weight="119" />
  <passenger name="Xiao_702" comingtime="2744" fromfloor="1" tofloor="14" weight="77" />
  <passenger name="Xiao_703" comingtime="191" fromfloor="0" tofloor="19" weight="111" />
  <passenger name="Xiao_704" comingtime="3541" fromfloor="1" tofloor="17" weight="118" />
  <passenger name="Xiao_705" comingtime="1791" fromfloor="0" tofloor="7" weight="110" />
  <passenger name="Xiao_706" comingtime="769" fromfloor="1" tofloor="12" weight="72" />
  <passenger name="Xiao_707" comingtime="2366" fromfloor="1" tofloor="16" weight="77" />
  <passenger name="Xiao_708" comingtime="1954" fromfloor="0" tofloor="17" weight="87" />
  <passenger name="Xiao_709" comingtime="1183" fromfloor="1" tofloor="15" weight="76" />
  <passenger name="Xiao_710" comingtime="1141" fromfloor="1" tofloor="17" weight="113" />
  <passenger name="Xiao_711" comingtime="1731" fromfloor="1" tofloor="5" weight="111" />
  <passenger name="Xiao_712" comingtime="3425" fromfloor="0" tofloor="14" weight="96" />
  <passenger name="Xiao_713" comingtime="1119" fromfloor="1" tofloor="5" weight="85" />
  <passenger name="Xiao_714" comingtime="747" fromfloor="0" tofloor="19" weight="79" />
  <passenger name="Xiao_715" comingtime="2482" fromfloor="0" tofloor="19" weight="71" />
  <passenger name="Xiao_716" comingtime="3257" fromfloor="1" tofloor="18" weight="89" />
  <passenger name="Xiao_717" comingtime="3568" fromfloor="0" tofloor="5" weight="81" />
  <passenger name="Xiao_718" comingtime="2517" fromfloor="1" tofloor="9" weight="86" />
  <passenger name="Xiao_719" comingtime="80" fromfloor="1" tofloor="11" weight="104" />
  <passenger name="Xiao_720" comingtime="2923" fromfloor="1" tofloor="20" weight="117" />
  <passenger name="Xiao_721" comingtime="3542" fromfloor="0" tofloor="10" weight="76" />
  <passenger name="Xiao_722" comingtime="3187" fromfloor="1" tofloor="18" weight="100" />
  <passenger name="Xiao_723" comingtime="1295" fromfloor="0" tofloor="2" weight="100" />
  <passenger name="Xiao_724" comingtime="2483" fromfloor="0" tofloor="3" weight="88" />
  <passenger name="Xiao_725" comingtime="2555" fromfloor="1" tofloor="16" weight="112" />
  <passenger name="Xiao_726" comingtime="1338" fromfloor="1" tofloor="5" weight="114" />
  <passenger name="Xiao_727" comingtime="3008" fromfloor="0" tofloor="7" weight="112" />
  <passenger name="Xiao_728" comingtime="1716" fromfloor="1" tofloor="4" weight="101" />
  <passenger name="Xiao_729" comingtime="462" fromfloor="1" tofloor="16" weight="108" />
  <passenger name="Xiao_730" comingtime="631" fromfloor="0" tofloor="10" weight="78" />
  <passenger name="Xiao_731" comingtime="454" fromfloor="1" tofloor="4" weight="79" />
  <passenger name="Xiao_732" comingtime="1190" fromfloor="0" tofloor="5" weight="92" />
  <passenger name="Xiao_733" comingtime="2010" fromfloor="0" tofloor="8" weight="72" />
  <passenger name="Xiao_734" comingtime="2470" fromfloor="0" tofloor="11" weight="112" />
  <passenger name="Xiao_735" comingtime="1688" fromfloor="1" tofloor="4" weight="75" />
  <passenger name="Xiao_736" comingtime="594" fromfloor="1" tofloor="4" weight="101" />
  <passenger name="Xiao_737" comingtime="1440" fromfloor="0" tofloor="18" weight="86" />
  <passenger name="Xiao_738" comingtime="2668" fromfloor="1" tofloor="7" weight="104" />
  <passenger name="Xiao_739" comingtime="469" fromfloor="0" tofloor="7" weight="85" />
  <passenger name="Xiao_740" comingtime="540" fromfloor="1" tofloor="8" weight="75" />
  <passenger name="Xiao_741" comingtime="2508" fromfloor="1" tofloor="14" weight="97" />
  <passenger name="Xiao_742" comingtime="966" fromfloor="0" tofloor="10" weight="115" />
  <passenger name="Xiao_743" comingtime="105" fromfloor="0" tofloor="9" weight="99" />
  <passenger name="Xiao_744" comingtime="915" fromfloor="0" tofloor="19" weight="111" />
  <passenger name="Xiao_745" comingtime="3246" fromfloor="1" tofloor="19" weight="110" />
  <passenger name="Xiao_746" comingtime="3449" fromfloor="1" tofloor="19" weight="71" />
  <passenger name="Xiao_747" comingtime="2032" fromfloor="1" tofloor="16" weight="101" />
  <passenger name="Xiao_748" comingtime="670" fromfloor="0" tofloor="2" weight="99" />
  <passenger name="Xiao_749" comingtime="1837" fromfloor="1" tofloor="2" weight="111" />
  <passenger name="Xiao_750" comingtime="3559" fromfloor="1" tofloor="6" weight="114" />
  <passenger name="Xiao_751" comingtime="2099" fromfloor="0" tofloor="12" weight="70" />
  <passenger name="Xiao_752" comingtime="1149" fromfloor="1" tofloor="13" weight="111" />
  <passenger name="Xiao_753" comingtime="948" fromfloor="0" tofloor="8" weight="104" />
  <passenger name="Xiao_754" comingtime="3413" fromfloor="0" tofloor="14" weight="107" />
  <passenger name="Xiao_755" comingtime="2872" fromfloor="0" tofloor="3" weight="118" />
  <passenger name="Xiao_756" comingtime="2008" fromfloor="1" tofloor="20" weight="90" />
  <passenger name="Xiao_757" comingtime="453" fromfloor="1" tofloor="4" weight="88" />
  <passenger name="Xiao_758" comingtime="2125" fromfloor="0" tofloor="20" weight="98" />
  <passenger name="Xiao_759" comingtime="1393" fromfloor="0" tofloor="15" weight="101" />
  <passenger name="Xiao_760" comingtime="2901" fromfloor="1" tofloor="13" weight="90" />
  <passenger name="Xiao_761" comingtime="8" fromfloor="0" tofloor="14" weight="77" />
  <passenger name="Xiao_762" comingtime="1281" fromfloor="1" tofloor="7" weight="87" />
  <passenger name="Xiao_763" comingtime="1535" fromfloor="1" tofloor="18" weight="85" />
  <passenger name="Xiao_764" comingtime="701" fromfloor="1" tofloor="15" weight="99" />
  <passenger name="Xiao_765" comingtime="593" fromfloor="0" tofloor="8" weight="74" />
  <passenger name="Xiao_766" comingtime="987" fromfloor="1" tofloor="3" weight="117" />
  <passenger name="Xiao_767" comingtime="74" fromfloor="1" tofloor="8" weight="72" />
  <passenger name="Xiao_768" comingtime="3242" fromfloor="0" tofloor="14" weight="76" />
  <passenger name="Xiao_769" comingtime="2627" fromfloor="1" tofloor="18" weight="98" />
  <passenger name="Xiao_770" comingtime="2799" fromfloor="0" tofloor="11" weight="114" />
  <passenger name="Xiao_771" comingtime="280" fromfloor="0" tofloor="8" weight="106" />
  <passenger name="Xiao_772" comingtime="2503" fromfloor="0" tofloor="4" weight="70" />
  <passenger name="Xiao_773" comingtime="85" fromfloor="1" tofloor="8" weight="109" />
  <passenger name="Xiao_774" comingtime="486" fromfloor="1" tofloor="14" weight="74" />
  <passenger name="Xiao_775" comingtime="2936" fromfloor="0" tofloor="18" weight="90" />
  <passenger name="Xiao_776" comingtime="1227" fromfloor="1" tofloor="20" weight="102" />
  <passenger name="Xiao_777" comingtime="3487" fromfloor="0" tofloor="13" weight="101" />
  <passenger name="Xiao_778" comingtime="306" fromfloor="1" tofloor="8" weight="84" />
  <passenger name="Xiao_779" comingtime="2399" fromfloor="0" tofloor="14" weight="71" />
  <passenger name="Xiao_780" comingtime="1306" fromfloor="0" tofloor="5" weight="91" />
  <passenger name="Xiao_781" comingtime="2962" fromfloor="1" tofloor="9" weight="90" />
  <passenger name="Xiao_782" comingtime="1510" fromfloor="0" tofloor="16" weight="89" />
  <passenger name="Xiao_783" comingtime="2603" fromfloor="1" tofloor="2" weight="80" />
  <passenger name="Xiao_784" comingtime="109" fromfloor="0" tofloor="7" weight="105" />
  <passenger name="Xiao_785" comingtime="372" fromfloor="0" tofloor="20" weight="102" />
  <passenger name="Xiao_786" comingtime="2224" fromfloor="1" tofloor="8" weight="107" />
  <passenger name="Xiao_787" comingtime="2705" fromfloor="1" tofloor="16" weight="115" />
  <passenger name="Xiao_788" comingtime="1869" fromfloor="1" tofloor="20" weight="114" />
  <passenger name="Xiao_789" comingtime="2272" fromfloor="0" tofloor="11" weight="118" />
  <passenger name="Xiao_790" comingtime="2652" fromfloor="0" tofloor="19" weight="93" />
  <passenger name="Xiao_791" comingtime="2545" fromfloor="1" tofloor="13" weight="80" />
  <passenger name="Xiao_792" comingtime="100" fromfloor="0" tofloor="18" weight="84" />
  <passenger name="Xiao_793" comingtime="2947" fromfloor="1" tofloor="14" weight="75" />
  <passenger name="Xiao_794" comingtime="2222" fromfloor="0" tofloor="19" weight="115" />
  <passenger name="Xiao_795" comingtime="3004" fromfloor="0" tofloor="9" weight="84" />
  <passenger name="Xiao_796" comingtime="941" fromfloor="1" tofloor="11" weight="88" />
  <passenger name="Xiao_797" comingtime="594" fromfloor="1" tofloor="9" weight="85" />
  <passenger name="Xiao_798" comingtime="2289" fromfloor="0" tofloor="7" weight="90" />
  <passenger name="Xiao_799" comingtime="11" fromfloor="1" tofloor="17" weight="90" />
  <passenger name="Xiao_800" comingtime="3057" fromfloor="1" tofloor="5" weight="82" />
  <passenger name="Xiao_801" comingtime="3317" fromfloor="9" tofloor="3" weight="63" />
  <passenger name="Xiao_802" comingtime="3207" fromfloor="4" tofloor="15" weight="57" />
  <passenger name="Xiao_803" comingtime="1903" fromfloor="17" tofloor="4" weight="53" />
  <passenger name="Xiao_804" comingtime="1698" fromfloor="7" tofloor="14" weight="60" />
  <passenger name="Xiao_805" comingtime="645" fromfloor="15" tofloor="18" weight="45" />
  <passenger name="Xiao_806" comingtime="1807" fromfloor="11" tofloor="13" weight="60" />
  <passenger name="Xiao_807" comingtime="1518" fromfloor="8" tofloor="2" weight="59" />
  <passenger name="Xiao_808" comingtime="3596" fromfloor="17" tofloor="12" weight="48" />
  <passenger name="Xiao_809" comingtime="1803" fromfloor="15" tofloor="7" weight="64" />
  <passenger name="Xiao_810" comingtime="1869" fromfloor="17" tofloor="2" weight="67" />
  <passenger name="Xiao_811" comingtime="2747" fromfloor="5" tofloor="11" weight="66" />
  <passenger name="Xiao_812" comingtime="1771" fromfloor="13" tofloor="11" weight="64" />
  <passenger name="Xiao_813" comingtime="2445" fromfloor="15" tofloor="7" weight="59" />
  <passenger name="Xiao_814" comingtime="1381" fromfloor="9" tofloor="14" weight="51" />
  <passenger name="Xiao_815" comingtime="2333" fromfloor="7" tofloor="3" weight="61" />
  <passenger name="Xiao_816" comingtime="2011" fromfloor="14" tofloor="12" weight="59" />
  <passenger name="Xiao_817" comingtime="1533" fromfloor="11" tofloor="8" weight="65" />
  <passenger name="Xiao_818" comingtime="1972" fromfloor="17" tofloor="13" weight="58" />
  <passenger name="Xiao_819" comingtime="221" fromfloor="13" tofloor="9" weight="54" />
  <passenger name="Xiao_820" comingtime="1860" fromfloor="15" tofloor="20" weight="46" />
  <passenger name="Xiao_821" comingtime="859" fromfloor="10" tofloor="4" weight="49" />
  <passenger name="Xiao_822" comingtime="3412" fromfloor="16" tofloor="4" weight="53" />
  <passenger name="Xiao_823" comingtime="1024" fromfloor="5" tofloor="17" weight="53" />
  <passenger name="Xiao_824" comingtime="2270" fromfloor="2" tofloor="19" weight="53" />
  <passenger name="Xiao_825" comingtime="3316" fromfloor="8" tofloor="11" weight="57" />
  <passenger name="Xiao_826" comingtime="1502" fromfloor="11" tofloor="3" weight="63" />
  <passenger name="Xiao_827" comingtime="2422" fromfloor="6" tofloor="8" weight="62" />
  <passenger name="Xiao_828" comingtime="3199" fromfloor="3" tofloor="6" weight="60" />
  <passenger name="Xiao_829" comingtime="927" fromfloor="13" tofloor="16" weight="67" />
  <passenger name="Xiao_830" comingtime="3016" fromfloor="6" tofloor="4" weight="66" />
  <passenger name="Xiao_831" comingtime="2034" fromfloor="5" tofloor="15" weight="62" />
  <passenger name="Xiao_832" comingtime="2638" fromfloor="5" tofloor="17" weight="68" />
  <passenger name="Xiao_833" comingtime="388" fromfloor="11" tofloor="18" weight="56" />
  <passenger name="Xiao_834" comingtime="1921" fromfloor="10" tofloor="18" weight="68" />
  <passenger name="Xiao_835" comingtime="976" fromfloor="19" tofloor="11" weight="47" />
  <passenger name="Xiao_836" comingtime="1795" fromfloor="14" tofloor="11" weight="61" />
  <passenger name="Xiao_837" comingtime="1289" fromfloor="8" tofloor="18" weight="58" />
  <passenger name="Xiao_838" comingtime="1130" fromfloor="5" tofloor="8" weight="56" />
  <passenger name="Xiao_839" comingtime="1302" fromfloor="19" tofloor="15" weight="56" />
  <passenger name="Xiao_840" comingtime="1332" fromfloor="17" tofloor="6" weight="61" />
  <passenger name="Xiao_841" comingtime="2008" fromfloor="4" tofloor="14" weight="58" />
  <passenger name="Xiao_842" comingtime="2678" fromfloor="2" tofloor="5" weight="52" />
  <passenger name="Xiao_843" comingtime="365" fromfloor="2" tofloor="5" weight="60" />
  <passenger name="Xiao_844" comingtime="3325" fromfloor="9" tofloor="15" weight="63" />
  <passenger name="Xiao_845" comingtime="242" fromfloor="7" tofloor="16" weight="50" />
  <passenger name="Xiao_846" comingtime="3008" fromfloor="2" tofloor="11" weight="58" />
  <passenger name="Xiao_847" comingtime="1879" fromfloor="6" tofloor="2" weight="65" />
  <passenger name="Xiao_848" comingtime="3585" fromfloor="10" tofloor="3" weight="68" />
  <passenger name="Xiao_849" comingtime="1323" fromfloor="15" tofloor="3" weight="64" />
  <passenger name="Xiao_850" comingtime="2681" fromfloor="8" tofloor="17" weight="45" />
  <passenger name="Xiao_851" comingtime="379" fromfloor="3" tofloor="15" weight="51" />
  <passenger name="Xiao_852" comingtime="1539" fromfloor="8" tofloor="10" weight="57" />
  <passenger name="Xiao_853" comingtime="1635" fromfloor="10" tofloor="14" weight="48" />
  <passenger name="Xiao_854" comingtime="1134" fromfloor="16" tofloor="11" weight="65" />
  <passenger name="Xiao_855" comingtime="1112" fromfloor="10" tofloor="3" weight="61" />
  <passenger name="Xiao_856" comingtime="2146" fromfloor="15" tofloor="19" weight="52" />
  <passenger name="Xiao_857" comingtime="2417" fromfloor="20" tofloor="13" weight="52" />
  <passenger name="Xiao_858" comingtime="834" fromfloor="6" tofloor="11" weight="46" />
  <passenger name="Xiao_859" comingtime="1085" fromfloor="11" tofloor="5" weight="51" />
  <passenger name="Xiao_860" comingtime="2991" fromfloor="14" tofloor="9" weight="60" />
  <passenger name="Xiao_861" comingtime="255" fromfloor="7" tofloor="20" weight="56" />
  <passenger name="Xiao_862" comingtime="3253" fromfloor="20" tofloor="8" weight="62" />
  <passenger name="Xiao_863" comingtime="1070" fromfloor="19" tofloor="9" weight="48" />
  <passenger name="Xiao_864" comingtime="2969" fromfloor="16" tofloor="9" weight="62" />
  <passenger name="Xiao_865" comingtime="2022" fromfloor="15" tofloor="12" weight="47" />
  <passenger name="Xiao_866" comingtime="440" fromfloor="6" tofloor="2" weight="47" />
  <passenger name="Xiao_867" comingtime="39" fromfloor="13" tofloor="4" weight="46" />
  <passenger name="Xiao_868" comingtime="1778" fromfloor="2" tofloor="5" weight="45" />
  <passenger name="Xiao_869" comingtime="2490" fromfloor="2" tofloor="14" weight="49" />
  <passenger name="Xiao_870" comingtime="1769" fromfloor="6" tofloor="2" weight="64" />
  <passenger name="Xiao_871" comingtime="2490" fromfloor="20" tofloor="4" weight="53" />
  <passenger name="Xiao_872" comingtime="1779" fromfloor="2" tofloor="16" weight="58" />
  <passenger name="Xiao_873" comingtime="2519" fromfloor="4" tofloor="6" weight="50" />
  <passenger name="Xiao_874" comingtime="3084" fromfloor="13" tofloor="11" weight="67" />
  <passenger name="Xiao_875" comingtime="896" fromfloor="20" tofloor="6" weight="49" />
  <passenger name="Xiao_876" comingtime="2759" fromfloor="5" tofloor="2" weight="51" />
  <passenger name="Xiao_877" comingtime="2732" fromfloor="17" tofloor="19" weight="48" />
  <passenger name="Xiao_878" comingtime="1108" fromfloor="15" tofloor="19" weight="63" />
  <passenger name="Xiao_879" comingtime="176" fromfloor="20" tofloor="12" weight="54" />
  <passenger name="Xiao_880" comingtime="3027" fromfloor="19" tofloor="13" weight="54" />
  <passenger name="Xiao_881" comingtime="1314" fromfloor="7" tofloor="19" weight="63" />
  <passenger name="Xiao_882" comingtime="2467" fromfloor="13" tofloor="9" weight="58" />
  <passenger name="Xiao_883" comingtime="1804" fromfloor="14" tofloor="11" weight="55" />
  <passenger name="Xiao_884" comingtime="2482" fromfloor="9" tofloor="15" weight="48" />
  <passenger name="Xiao_885" comingtime="2518" fromfloor="2" tofloor="9" weight="45" />
  <passenger name="Xiao_886" comingtime="1882" fromfloor="2" tofloor="20" weight="57" />
  <passenger name="Xiao_887" comingtime="3229" fromfloor="4" tofloor="5" weight="49" />
  <passenger name="Xiao_888" comingtime="560" fromfloor="8" tofloor="17" weight="64" />
  <passenger name="Xiao_889" comingtime="222" fromfloor="4" tofloor="15" weight="66" />
  <passenger name="Xiao_890" comingtime="2336" fromfloor="15" tofloor="19" weight="58" />
  <passenger name="Xiao_891" comingtime="3494" fromfloor="15" tofloor="20" weight="51" />
  <passenger name="Xiao_892" comingtime="139" fromfloor="9" tofloor="18" weight="45" />
  <passenger name="Xiao_893" comingtime="1125" fromfloor="11" tofloor="10" weight="59" />
  <passenger name="Xiao_894" comingtime="41" fromfloor="19" tofloor="9" weight="69" />
  <passenger name="Xiao_895" comingtime="2784" fromfloor="11" tofloor="9" weight="55" />
  <passenger name="Xiao_896" comingtime="1685" fromfloor="20" tofloor="15" weight="62" />
  <passenger name="Xiao_897" comingtime="2733" fromfloor="4" tofloor="15" weight="59" />
  <passenger name="Xiao_898" comingtime="2701" fromfloor="7" tofloor="13" weight="63" />
  <passenger name="Xiao_899" comingtime="1470" fromfloor="11" tofloor="16" weight="59" />
  <passenger name="Xiao_900" comingtime="1167" fromfloor="15" tofloor="17" weight="59" />
  <passenger name="Xiao_901" comingtime="3443" fromfloor="8" tofloor="10" weight="107" />
  <passenger name="Xiao_902" comingtime="417" fromfloor="14" tofloor="12" weight="101" />
  <passenger name="Xiao_903" comingtime="3215" fromfloor="13" tofloor="17" weight="107" />
  <passenger name="Xiao_904" comingtime="94" fromfloor="16" tofloor="19" weight="90" />
  <passenger name="Xiao_905" comingtime="2576" fromfloor="5" tofloor="10" weight="84" />
  <passenger name="Xiao_906" comingtime="2610" fromfloor="19" tofloor="17" weight="118" />
  <passenger name="Xiao_907" comingtime="811" fromfloor="17" tofloor="12" weight="111" />
  <passenger name="Xiao_908" comingtime="702" fromfloor="4" tofloor="7" weight="83" />
  <passenger name="Xiao_909" comingtime="937" fromfloor="8" tofloor="2" weight="112" />
  <passenger name="Xiao_910" comingtime="2200" fromfloor="17" tofloor="14" weight="118" />
  <passenger name="Xiao_911" comingtime="1069" fromfloor="12" tofloor="19" weight="81" />
  <passenger name="Xiao_912" comingtime="2256" fromfloor="9" tofloor="18" weight="118" />
  <passenger name="Xiao_913" comingtime="2685" fromfloor="9" tofloor="2" weight="111" />
  <passenger name="Xiao_914" comingtime="2718" fromfloor="12" tofloor="15" weight="85" />
  <passenger name="Xiao_915" comingtime="1695" fromfloor="8" tofloor="12" weight="75" />
  <passenger name="Xiao_916" comingtime="469" fromfloor="9" tofloor="18" weight="108" />
  <passenger name="Xiao_917" comingtime="1525" fromfloor="9" tofloor="13" weight="79" />
  <passenger name="Xiao_918" comingtime="3321" fromfloor="17" tofloor="10" weight="87" />
  <passenger name="Xiao_919" comingtime="1077" fromfloor="7" tofloor="11" weight="106" />
  <passenger name="Xiao_920" comingtime="2722" fromfloor="16" tofloor="8" weight="93" />
  <passenger name="Xiao_921" comingtime="648" fromfloor="20" tofloor="8" weight="101" />
  <passenger name="Xiao_922" comingtime="1410" fromfloor="11" tofloor="20" weight="70" />
  <passenger name="Xiao_923" comingtime="785" fromfloor="10" tofloor="12" weight="70" />
  <passenger name="Xiao_924" comingtime="2360" fromfloor="13" tofloor="20" weight="70" />
  <passenger name="Xiao_925" comingtime="1772" fromfloor="10" tofloor="15" weight="90" />
  <passenger name="Xiao_926" comingtime="2511" fromfloor="16" tofloor="5" weight="77" />
  <passenger name="Xiao_927" comingtime="2353" fromfloor="8" tofloor="2" weight="72" />
  <passenger name="Xiao_928" comingtime="1903" fromfloor="9" tofloor="6" weight="93" />
  <passenger name="Xiao_929" comingtime="2686" fromfloor="4" tofloor="15" weight="107" />
  <passenger name="Xiao_930" comingtime="2236" fromfloor="8" tofloor="17" weight="89" />
  <passenger name="Xiao_931" comingtime="1855" fromfloor="6" tofloor="10" weight="114" />
  <passenger name="Xiao_932" comingtime="417" fromfloor="8" tofloor="17" weight="89" />
  <passenger name="Xiao_933" comingtime="2131" fromfloor="4" tofloor="14" weight="110" />
  <passenger name="Xiao_934" comingtime="1409" fromfloor="18" tofloor="16" weight="87" />
  <passenger name="Xiao_935" comingtime="2835" fromfloor="10" tofloor="7" weight="78" />
  <passenger name="Xiao_936" comingtime="30" fromfloor="10" tofloor="8" weight="98" />
  <passenger name="Xiao_937" comingtime="2107" fromfloor="6" tofloor="4" weight="115" />
  <passenger name="Xiao_938" comingtime="1319" fromfloor="7" tofloor="4" weight="90" />
  <passenger name="Xiao_939" comingtime="1664" fromfloor="12" tofloor="16" weight="119" />
  <passenger name="Xiao_940" comingtime="3095" fromfloor="9" tofloor="7" weight="111" />
  <passenger name="Xiao_941" comingtime="2153" fromfloor="6" tofloor="4" weight="101" />
  <passenger name="Xiao_942" comingtime="678" fromfloor="9" tofloor="16" weight="80" />
  <passenger name="Xiao_943" comingtime="2680" fromfloor="9" tofloor="6" weight="94" />
  <passenger name="Xiao_944" comingtime="2843" fromfloor="14" tofloor="16" weight="116" />
  <passenger name="Xiao_945" comingtime="444" fromfloor="20" tofloor="7" weight="103" />
  <passenger name="Xiao_946" comingtime="1342" fromfloor="9" tofloor="5" weight="74" />
  <passenger name="Xiao_947" comingtime="1280" fromfloor="15" tofloor="10" weight="115" />
  <passenger name="Xiao_948" comingtime="1182" fromfloor="5" tofloor="16" weight="118" />
  <passenger name="Xiao_949" comingtime="3043" fromfloor="7" tofloor="13" weight="76" />
  <passenger name="Xiao_950" comingtime="2771" fromfloor="6" tofloor="11" weight="71" />
  <passenger name="Xiao_951" comingtime="137" fromfloor="11" tofloor="6" weight="112" />
  <passenger name="Xiao_952" comingtime="1761" fromfloor="2" tofloor="19" weight="117" />
  <passenger name="Xiao_953" comingtime="70" fromfloor="20" tofloor="5" weight="93" />
  <passenger name="Xiao_954" comingtime="2135" fromfloor="19" tofloor="12" weight="72" />
  <passenger name="Xiao_955" comingtime="1113" fromfloor="16" tofloor="10" weight="102" />
  <passenger name="Xiao_956" comingtime="1105" fromfloor="13" tofloor="17" weight="105" />
  <passenger name="Xiao_957" comingtime="2927" fromfloor="15" tofloor="19" weight="102" />
  <passenger name="Xiao_958" comingtime="2894" fromfloor="5" tofloor="9" weight="77" />
  <passenger name="Xiao_959" comingtime="2312" fromfloor="7" tofloor="3" weight="107" />
  <passenger name="Xiao_960" comingtime="1756" fromfloor="10" tofloor="4" weight="77" />
  <passenger name="Xiao_961" comingtime="310" fromfloor="10" tofloor="4" weight="96" />
  <passenger name="Xiao_962" comingtime="3242" fromfloor="3" tofloor="19" weight="89" />
  <passenger name="Xiao_963" comingtime="69" fromfloor="15" tofloor="9" weight="119" />
  <passenger name="Xiao_964" comingtime="3181" fromfloor="14" tofloor="17" weight="116" />
  <passenger name="Xiao_965" comingtime="307" fromfloor="18" tofloor="9" weight="85" />
  <passenger name="Xiao_966" comingtime="1550" fromfloor="8" tofloor="14" weight="108" />
  <passenger name="Xiao_967" comingtime="705" fromfloor="10" tofloor="12" weight="101" />
  <passenger name="Xiao_968" comingtime="2719" fromfloor="15" tofloor="16" weight="111" />
  <passenger name="Xiao_969" comingtime="741" fromfloor="5" tofloor="12" weight="73" />
  <passenger name="Xiao_970" comingtime="3590" fromfloor="7" tofloor="17" weight="91" />
  <passenger name="Xiao_971" comingtime="1001" fromfloor="12" tofloor="19" weight="86" />
  <passenger name="Xiao_972" comingtime="2066" fromfloor="2" tofloor="11" weight="103" />
  <passenger name="Xiao_973" comingtime="2258" fromfloor="10" tofloor="14" weight="91" />
  <passenger name="Xiao_974" comingtime="2925" fromfloor="3" tofloor="11" weight="89" />
  <passenger name="Xiao_975" comingtime="2353" fromfloor="3" tofloor="17" weight="105" />
  <passenger name="Xiao_976" comingtime="1960" fromfloor="9" tofloor="4" weight="97" />
  <passenger name="Xiao_977" comingtime="2579" fromfloor="11" tofloor="18" weight="115" />
  <passenger name="Xiao_978" comingtime="1773" fromfloor="8" tofloor="20" weight="95" />
  <passenger name="Xiao_979" comingtime="915" fromfloor="12" tofloor="3" weight="70" />
  <passenger name="Xiao_980" comingtime="2756" fromfloor="6" tofloor="3" weight="111" />
  <passenger name="Xiao_981" comingtime="3059" fromfloor="3" tofloor="12" weight="76" />
  <passenger name="Xiao_982" comingtime="2780" fromfloor="15" tofloor="17" weight="81" />
  <passenger name="Xiao_983" comingtime="3225" fromfloor="10" tofloor="7" weight="78" />
  <passenger name="Xiao_984" comingtime="308" fromfloor="16" tofloor="10" weight="100" />
  <passenger name="Xiao_985" comingtime="44" fromfloor="19" tofloor="5" weight="111" />
  <passenger name="Xiao_986" comingtime="204" fromfloor="6" tofloor="11" weight="89" />
  <passenger name="Xiao_987" comingtime="1737" fromfloor="5" tofloor="16" weight="108" />
  <passenger name="Xiao_988" comingtime="1851" fromfloor="11" tofloor="13" weight="108" />
  <passenger name="Xiao_989" comingtime="1913" fromfloor="5" tofloor="13" weight="106" />
  <passenger name="Xiao_990" comingtime="1576" fromfloor="19" tofloor="12" weight="91" />
  <passenger name="Xiao_991" comingtime="1873" fromfloor="18" tofloor="9" weight="97" />
  <passenger name="Xiao_992" comingtime="2722" fromfloor="12" tofloor="3" weight="118" />
  <passenger name="Xiao_993" comingtime="3210" fromfloor="9" tofloor="20" weight="94" />
  <passenger name="Xiao_994" comingtime="576" fromfloor="16" tofloor="10" weight="85" />
  <passenger name="Xiao_995" comingtime="494" fromfloor="9" tofloor="17" weight="103" />
  <passenger name="Xiao_996" comingtime="1241" fromfloor="7" tofloor="18" weight="94" />
  <passenger name="Xiao_997" comingtime="1536" fromfloor="17" tofloor="19" weight="72" />
  <passenger name="Xiao_998" comingtime="1975" fromfloor="8" tofloor="2" weight="96" />
  <passenger name="Xiao_999" comingtime="760" fromfloor="19" tofloor="13" weight="100" />
  <passenger name="Xiao_1000" comingtime="53" fromfloor="16" tofloor="9" weight="100" />
</passengers>