<?xml version="1.0" encoding="utf-8" ?>

<passengers
    xmlns:xsi="http://www.w3.org/2001/XMLSchema-instance"
    xmlns:xsd="http://www.w3.org/2001/XMLSchema"
    xmlns="http://tempuri.org/passengers.xsd">
  <passenger name="Sen_1" comingtime="148" fromfloor="15" tofloor="12" weight="63" />
  <passenger name="Sen_2" comingtime="144" fromfloor="3" tofloor="14" weight="67" />
  <passenger name="Sen_3" comingtime="290" fromfloor="17" tofloor="11" weight="62" />
  <passenger name="Sen_4" comingtime="273" fromfloor="17" tofloor="1" weight="64" />
  <passenger name="Sen_5" comingtime="204" fromfloor="6" tofloor="9" weight="51" />
  <passenger name="Sen_6" comingtime="50" fromfloor="12" tofloor="5" weight="57" />
  <passenger name="Sen_7" comingtime="67" fromfloor="3" tofloor="13" weight="66" />
  <passenger name="Sen_8" comingtime="241" fromfloor="9" tofloor="16" weight="52" />
  <passenger name="Sen_9" comingtime="160" fromfloor="3" tofloor="19" weight="66" />
  <passenger name="Sen_10" comingtime="27" fromfloor="3" tofloor="16" weight="61" />
  <passenger name="Sen_11" comingtime="199" fromfloor="16" tofloor="18" weight="108" />
  <passenger name="Sen_12" comingtime="189" fromfloor="15" tofloor="17" weight="100" />
  <passenger name="Sen_13" comingtime="271" fromfloor="17" tofloor="13" weight="91" />
  <passenger name="Sen_14" comingtime="129" fromfloor="13" tofloor="16" weight="114" />
  <passenger name="Sen_15" comingtime="143" fromfloor="1" tofloor="10" weight="85" />
  <passenger name="Sen_16" comingtime="156" fromfloor="18" tofloor="2" weight="95" />
  <passenger name="Sen_17" comingtime="15" fromfloor="5" tofloor="3" weight="108" />
  <passenger name="Sen_18" comingtime="274" fromfloor="4" tofloor="14" weight="96" />
  <passenger name="Sen_19" comingtime="156" fromfloor="16" tofloor="12" weight="89" />
  <passenger name="Sen_20" comingtime="213" fromfloor="10" tofloor="18" weight="93" />
</passengers>