<?xml version="1.0" encoding="utf-8" ?>

<passengers
    xmlns:xsi="http://www.w3.org/2001/XMLSchema-instance"
    xmlns:xsd="http://www.w3.org/2001/XMLSchema"
    xmlns="http://tempuri.org/passengers.xsd">
  <passenger name="Ben_1" comingtime="1788" fromfloor="18" tofloor="0" weight="63" />
  <passenger name="Ben_2" comingtime="2685" fromfloor="4" tofloor="1" weight="48" />
  <passenger name="Ben_3" comingtime="2653" fromfloor="18" tofloor="1" weight="68" />
  <passenger name="Ben_4" comingtime="2090" fromfloor="16" tofloor="0" weight="50" />
  <passenger name="Ben_5" comingtime="2192" fromfloor="19" tofloor="0" weight="51" />
  <passenger name="Ben_6" comingtime="1197" fromfloor="16" tofloor="0" weight="50" />
  <passenger name="Ben_7" comingtime="515" fromfloor="18" tofloor="0" weight="52" />
  <passenger name="Ben_8" comingtime="2511" fromfloor="11" tofloor="1" weight="47" />
  <passenger name="Ben_9" comingtime="3431" fromfloor="17" tofloor="0" weight="55" />
  <passenger name="Ben_10" comingtime="1622" fromfloor="16" tofloor="0" weight="53" />
  <passenger name="Ben_11" comingtime="2537" fromfloor="15" tofloor="1" weight="69" />
  <passenger name="Ben_12" comingtime="84" fromfloor="12" tofloor="0" weight="58" />
  <passenger name="Ben_13" comingtime="3245" fromfloor="8" tofloor="0" weight="58" />
  <passenger name="Ben_14" comingtime="2715" fromfloor="16" tofloor="1" weight="50" />
  <passenger name="Ben_15" comingtime="3127" fromfloor="2" tofloor="1" weight="46" />
  <passenger name="Ben_16" comingtime="1992" fromfloor="18" tofloor="0" weight="66" />
  <passenger name="Ben_17" comingtime="668" fromfloor="10" tofloor="1" weight="58" />
  <passenger name="Ben_18" comingtime="1485" fromfloor="14" tofloor="0" weight="67" />
  <passenger name="Ben_19" comingtime="1771" fromfloor="2" tofloor="0" weight="56" />
  <passenger name="Ben_20" comingtime="2760" fromfloor="14" tofloor="0" weight="51" />
  <passenger name="Ben_21" comingtime="2023" fromfloor="16" tofloor="0" weight="62" />
  <passenger name="Ben_22" comingtime="781" fromfloor="13" tofloor="0" weight="65" />
  <passenger name="Ben_23" comingtime="1199" fromfloor="6" tofloor="0" weight="61" />
  <passenger name="Ben_24" comingtime="3025" fromfloor="15" tofloor="0" weight="54" />
  <passenger name="Ben_25" comingtime="1227" fromfloor="15" tofloor="0" weight="57" />
  <passenger name="Ben_26" comingtime="667" fromfloor="3" tofloor="0" weight="54" />
  <passenger name="Ben_27" comingtime="758" fromfloor="2" tofloor="1" weight="49" />
  <passenger name="Ben_28" comingtime="2442" fromfloor="12" tofloor="0" weight="52" />
  <passenger name="Ben_29" comingtime="924" fromfloor="17" tofloor="0" weight="56" />
  <passenger name="Ben_30" comingtime="4" fromfloor="3" tofloor="1" weight="49" />
  <passenger name="Ben_31" comingtime="119" fromfloor="3" tofloor="1" weight="62" />
  <passenger name="Ben_32" comingtime="2440" fromfloor="7" tofloor="0" weight="65" />
  <passenger name="Ben_33" comingtime="674" fromfloor="11" tofloor="0" weight="58" />
  <passenger name="Ben_34" comingtime="1800" fromfloor="6" tofloor="1" weight="68" />
  <passenger name="Ben_35" comingtime="343" fromfloor="5" tofloor="1" weight="57" />
  <passenger name="Ben_36" comingtime="1688" fromfloor="5" tofloor="1" weight="68" />
  <passenger name="Ben_37" comingtime="1759" fromfloor="9" tofloor="1" weight="66" />
  <passenger name="Ben_38" comingtime="1567" fromfloor="3" tofloor="1" weight="54" />
  <passenger name="Ben_39" comingtime="2374" fromfloor="3" tofloor="0" weight="65" />
  <passenger name="Ben_40" comingtime="2023" fromfloor="10" tofloor="1" weight="69" />
  <passenger name="Ben_41" comingtime="1452" fromfloor="8" tofloor="0" weight="65" />
  <passenger name="Ben_42" comingtime="65" fromfloor="11" tofloor="1" weight="63" />
  <passenger name="Ben_43" comingtime="3353" fromfloor="14" tofloor="0" weight="48" />
  <passenger name="Ben_44" comingtime="2253" fromfloor="14" tofloor="1" weight="46" />
  <passenger name="Ben_45" comingtime="173" fromfloor="18" tofloor="1" weight="53" />
  <passenger name="Ben_46" comingtime="1885" fromfloor="6" tofloor="0" weight="58" />
  <passenger name="Ben_47" comingtime="2941" fromfloor="16" tofloor="1" weight="47" />
  <passenger name="Ben_48" comingtime="907" fromfloor="12" tofloor="1" weight="60" />
  <passenger name="Ben_49" comingtime="1806" fromfloor="8" tofloor="0" weight="45" />
  <passenger name="Ben_50" comingtime="774" fromfloor="7" tofloor="0" weight="65" />
  <passenger name="Ben_51" comingtime="1107" fromfloor="2" tofloor="0" weight="60" />
  <passenger name="Ben_52" comingtime="1567" fromfloor="12" tofloor="1" weight="55" />
  <passenger name="Ben_53" comingtime="97" fromfloor="4" tofloor="1" weight="48" />
  <passenger name="Ben_54" comingtime="1414" fromfloor="16" tofloor="0" weight="58" />
  <passenger name="Ben_55" comingtime="1261" fromfloor="17" tofloor="1" weight="53" />
  <passenger name="Ben_56" comingtime="982" fromfloor="17" tofloor="0" weight="67" />
  <passenger name="Ben_57" comingtime="489" fromfloor="2" tofloor="1" weight="66" />
  <passenger name="Ben_58" comingtime="1816" fromfloor="7" tofloor="1" weight="48" />
  <passenger name="Ben_59" comingtime="1025" fromfloor="18" tofloor="1" weight="58" />
  <passenger name="Ben_60" comingtime="2006" fromfloor="5" tofloor="0" weight="60" />
  <passenger name="Ben_61" comingtime="1394" fromfloor="15" tofloor="0" weight="50" />
  <passenger name="Ben_62" comingtime="2469" fromfloor="8" tofloor="1" weight="57" />
  <passenger name="Ben_63" comingtime="143" fromfloor="9" tofloor="0" weight="66" />
  <passenger name="Ben_64" comingtime="35" fromfloor="19" tofloor="0" weight="60" />
  <passenger name="Ben_65" comingtime="2768" fromfloor="9" tofloor="0" weight="48" />
  <passenger name="Ben_66" comingtime="1483" fromfloor="13" tofloor="1" weight="67" />
  <passenger name="Ben_67" comingtime="545" fromfloor="7" tofloor="1" weight="64" />
  <passenger name="Ben_68" comingtime="3158" fromfloor="4" tofloor="0" weight="54" />
  <passenger name="Ben_69" comingtime="1667" fromfloor="20" tofloor="1" weight="55" />
  <passenger name="Ben_70" comingtime="2849" fromfloor="11" tofloor="1" weight="47" />
  <passenger name="Ben_71" comingtime="2215" fromfloor="18" tofloor="1" weight="59" />
  <passenger name="Ben_72" comingtime="2047" fromfloor="11" tofloor="0" weight="48" />
  <passenger name="Ben_73" comingtime="487" fromfloor="7" tofloor="0" weight="47" />
  <passenger name="Ben_74" comingtime="1543" fromfloor="18" tofloor="0" weight="68" />
  <passenger name="Ben_75" comingtime="3334" fromfloor="2" tofloor="0" weight="62" />
  <passenger name="Ben_76" comingtime="2154" fromfloor="6" tofloor="1" weight="61" />
  <passenger name="Ben_77" comingtime="865" fromfloor="20" tofloor="0" weight="46" />
  <passenger name="Ben_78" comingtime="3239" fromfloor="14" tofloor="1" weight="60" />
  <passenger name="Ben_79" comingtime="499" fromfloor="18" tofloor="1" weight="47" />
  <passenger name="Ben_80" comingtime="3135" fromfloor="17" tofloor="0" weight="67" />
  <passenger name="Ben_81" comingtime="171" fromfloor="3" tofloor="1" weight="60" />
  <passenger name="Ben_82" comingtime="882" fromfloor="16" tofloor="0" weight="49" />
  <passenger name="Ben_83" comingtime="1570" fromfloor="3" tofloor="1" weight="68" />
  <passenger name="Ben_84" comingtime="234" fromfloor="2" tofloor="0" weight="51" />
  <passenger name="Ben_85" comingtime="2571" fromfloor="16" tofloor="0" weight="48" />
  <passenger name="Ben_86" comingtime="3341" fromfloor="17" tofloor="0" weight="48" />
  <passenger name="Ben_87" comingtime="2491" fromfloor="14" tofloor="1" weight="67" />
  <passenger name="Ben_88" comingtime="1447" fromfloor="16" tofloor="1" weight="55" />
  <passenger name="Ben_89" comingtime="2806" fromfloor="2" tofloor="0" weight="45" />
  <passenger name="Ben_90" comingtime="1825" fromfloor="19" tofloor="1" weight="56" />
  <passenger name="Ben_91" comingtime="1394" fromfloor="2" tofloor="0" weight="47" />
  <passenger name="Ben_92" comingtime="3130" fromfloor="6" tofloor="1" weight="56" />
  <passenger name="Ben_93" comingtime="2593" fromfloor="8" tofloor="0" weight="46" />
  <passenger name="Ben_94" comingtime="2986" fromfloor="12" tofloor="0" weight="69" />
  <passenger name="Ben_95" comingtime="2870" fromfloor="15" tofloor="1" weight="69" />
  <passenger name="Ben_96" comingtime="510" fromfloor="17" tofloor="1" weight="57" />
  <passenger name="Ben_97" comingtime="62" fromfloor="11" tofloor="0" weight="56" />
  <passenger name="Ben_98" comingtime="1810" fromfloor="20" tofloor="0" weight="61" />
  <passenger name="Ben_99" comingtime="960" fromfloor="2" tofloor="0" weight="54" />
  <passenger name="Ben_100" comingtime="3538" fromfloor="5" tofloor="1" weight="66" />
  <passenger name="Ben_101" comingtime="2576" fromfloor="4" tofloor="0" weight="50" />
  <passenger name="Ben_102" comingtime="1426" fromfloor="11" tofloor="1" weight="65" />
  <passenger name="Ben_103" comingtime="1765" fromfloor="4" tofloor="1" weight="60" />
  <passenger name="Ben_104" comingtime="62" fromfloor="14" tofloor="0" weight="66" />
  <passenger name="Ben_105" comingtime="938" fromfloor="3" tofloor="0" weight="58" />
  <passenger name="Ben_106" comingtime="3125" fromfloor="18" tofloor="0" weight="59" />
  <passenger name="Ben_107" comingtime="1826" fromfloor="9" tofloor="0" weight="53" />
  <passenger name="Ben_108" comingtime="1147" fromfloor="11" tofloor="0" weight="60" />
  <passenger name="Ben_109" comingtime="2159" fromfloor="2" tofloor="0" weight="52" />
  <passenger name="Ben_110" comingtime="1302" fromfloor="10" tofloor="0" weight="56" />
  <passenger name="Ben_111" comingtime="2407" fromfloor="3" tofloor="0" weight="57" />
  <passenger name="Ben_112" comingtime="2817" fromfloor="6" tofloor="0" weight="45" />
  <passenger name="Ben_113" comingtime="1861" fromfloor="16" tofloor="0" weight="69" />
  <passenger name="Ben_114" comingtime="339" fromfloor="5" tofloor="1" weight="52" />
  <passenger name="Ben_115" comingtime="3574" fromfloor="18" tofloor="1" weight="58" />
  <passenger name="Ben_116" comingtime="2035" fromfloor="12" tofloor="1" weight="45" />
  <passenger name="Ben_117" comingtime="2961" fromfloor="3" tofloor="0" weight="51" />
  <passenger name="Ben_118" comingtime="3033" fromfloor="17" tofloor="1" weight="59" />
  <passenger name="Ben_119" comingtime="1090" fromfloor="11" tofloor="1" weight="62" />
  <passenger name="Ben_120" comingtime="2022" fromfloor="13" tofloor="0" weight="67" />
  <passenger name="Ben_121" comingtime="3380" fromfloor="11" tofloor="1" weight="54" />
  <passenger name="Ben_122" comingtime="1000" fromfloor="5" tofloor="1" weight="53" />
  <passenger name="Ben_123" comingtime="3071" fromfloor="9" tofloor="1" weight="63" />
  <passenger name="Ben_124" comingtime="3447" fromfloor="11" tofloor="0" weight="65" />
  <passenger name="Ben_125" comingtime="573" fromfloor="12" tofloor="0" weight="57" />
  <passenger name="Ben_126" comingtime="2133" fromfloor="3" tofloor="1" weight="59" />
  <passenger name="Ben_127" comingtime="3421" fromfloor="3" tofloor="0" weight="50" />
  <passenger name="Ben_128" comingtime="1722" fromfloor="7" tofloor="0" weight="47" />
  <passenger name="Ben_129" comingtime="3002" fromfloor="5" tofloor="0" weight="53" />
  <passenger name="Ben_130" comingtime="3332" fromfloor="19" tofloor="1" weight="63" />
  <passenger name="Ben_131" comingtime="921" fromfloor="8" tofloor="0" weight="64" />
  <passenger name="Ben_132" comingtime="2012" fromfloor="4" tofloor="1" weight="45" />
  <passenger name="Ben_133" comingtime="2145" fromfloor="19" tofloor="1" weight="51" />
  <passenger name="Ben_134" comingtime="2753" fromfloor="5" tofloor="0" weight="45" />
  <passenger name="Ben_135" comingtime="1616" fromfloor="7" tofloor="1" weight="69" />
  <passenger name="Ben_136" comingtime="2007" fromfloor="10" tofloor="0" weight="58" />
  <passenger name="Ben_137" comingtime="1356" fromfloor="3" tofloor="0" weight="69" />
  <passenger name="Ben_138" comingtime="1029" fromfloor="4" tofloor="1" weight="45" />
  <passenger name="Ben_139" comingtime="3375" fromfloor="14" tofloor="0" weight="52" />
  <passenger name="Ben_140" comingtime="520" fromfloor="7" tofloor="0" weight="52" />
  <passenger name="Ben_141" comingtime="2874" fromfloor="20" tofloor="0" weight="48" />
  <passenger name="Ben_142" comingtime="1758" fromfloor="20" tofloor="0" weight="68" />
  <passenger name="Ben_143" comingtime="1508" fromfloor="2" tofloor="0" weight="58" />
  <passenger name="Ben_144" comingtime="2391" fromfloor="11" tofloor="0" weight="69" />
  <passenger name="Ben_145" comingtime="3053" fromfloor="8" tofloor="1" weight="51" />
  <passenger name="Ben_146" comingtime="3409" fromfloor="5" tofloor="0" weight="64" />
  <passenger name="Ben_147" comingtime="3018" fromfloor="3" tofloor="1" weight="45" />
  <passenger name="Ben_148" comingtime="569" fromfloor="17" tofloor="1" weight="52" />
  <passenger name="Ben_149" comingtime="2064" fromfloor="16" tofloor="0" weight="61" />
  <passenger name="Ben_150" comingtime="271" fromfloor="16" tofloor="0" weight="57" />
  <passenger name="Ben_151" comingtime="244" fromfloor="15" tofloor="1" weight="61" />
  <passenger name="Ben_152" comingtime="2609" fromfloor="19" tofloor="0" weight="63" />
  <passenger name="Ben_153" comingtime="3582" fromfloor="18" tofloor="0" weight="54" />
  <passenger name="Ben_154" comingtime="2070" fromfloor="2" tofloor="0" weight="65" />
  <passenger name="Ben_155" comingtime="2902" fromfloor="2" tofloor="1" weight="52" />
  <passenger name="Ben_156" comingtime="1471" fromfloor="2" tofloor="1" weight="60" />
  <passenger name="Ben_157" comingtime="2599" fromfloor="16" tofloor="0" weight="49" />
  <passenger name="Ben_158" comingtime="2518" fromfloor="11" tofloor="0" weight="52" />
  <passenger name="Ben_159" comingtime="888" fromfloor="7" tofloor="0" weight="59" />
  <passenger name="Ben_160" comingtime="1962" fromfloor="18" tofloor="0" weight="45" />
  <passenger name="Ben_161" comingtime="2647" fromfloor="7" tofloor="0" weight="45" />
  <passenger name="Ben_162" comingtime="3557" fromfloor="3" tofloor="1" weight="57" />
  <passenger name="Ben_163" comingtime="525" fromfloor="7" tofloor="0" weight="61" />
  <passenger name="Ben_164" comingtime="1263" fromfloor="11" tofloor="0" weight="62" />
  <passenger name="Ben_165" comingtime="2288" fromfloor="9" tofloor="0" weight="52" />
  <passenger name="Ben_166" comingtime="439" fromfloor="5" tofloor="1" weight="52" />
  <passenger name="Ben_167" comingtime="1306" fromfloor="2" tofloor="1" weight="55" />
  <passenger name="Ben_168" comingtime="3190" fromfloor="2" tofloor="0" weight="68" />
  <passenger name="Ben_169" comingtime="1070" fromfloor="7" tofloor="0" weight="56" />
  <passenger name="Ben_170" comingtime="34" fromfloor="8" tofloor="1" weight="45" />
  <passenger name="Ben_171" comingtime="2322" fromfloor="5" tofloor="0" weight="46" />
  <passenger name="Ben_172" comingtime="2473" fromfloor="9" tofloor="1" weight="48" />
  <passenger name="Ben_173" comingtime="1619" fromfloor="17" tofloor="1" weight="63" />
  <passenger name="Ben_174" comingtime="963" fromfloor="17" tofloor="1" weight="54" />
  <passenger name="Ben_175" comingtime="3283" fromfloor="20" tofloor="0" weight="48" />
  <passenger name="Ben_176" comingtime="1819" fromfloor="11" tofloor="0" weight="48" />
  <passenger name="Ben_177" comingtime="2747" fromfloor="2" tofloor="0" weight="54" />
  <passenger name="Ben_178" comingtime="2256" fromfloor="6" tofloor="1" weight="56" />
  <passenger name="Ben_179" comingtime="1322" fromfloor="13" tofloor="0" weight="51" />
  <passenger name="Ben_180" comingtime="1094" fromfloor="3" tofloor="1" weight="60" />
  <passenger name="Ben_181" comingtime="1964" fromfloor="2" tofloor="1" weight="64" />
  <passenger name="Ben_182" comingtime="937" fromfloor="14" tofloor="0" weight="53" />
  <passenger name="Ben_183" comingtime="2692" fromfloor="14" tofloor="0" weight="51" />
  <passenger name="Ben_184" comingtime="1088" fromfloor="4" tofloor="0" weight="66" />
  <passenger name="Ben_185" comingtime="1546" fromfloor="12" tofloor="0" weight="46" />
  <passenger name="Ben_186" comingtime="852" fromfloor="2" tofloor="0" weight="63" />
  <passenger name="Ben_187" comingtime="1723" fromfloor="17" tofloor="1" weight="46" />
  <passenger name="Ben_188" comingtime="1599" fromfloor="8" tofloor="0" weight="57" />
  <passenger name="Ben_189" comingtime="1776" fromfloor="13" tofloor="1" weight="48" />
  <passenger name="Ben_190" comingtime="1034" fromfloor="13" tofloor="1" weight="57" />
  <passenger name="Ben_191" comingtime="2611" fromfloor="19" tofloor="1" weight="49" />
  <passenger name="Ben_192" comingtime="1675" fromfloor="4" tofloor="1" weight="64" />
  <passenger name="Ben_193" comingtime="999" fromfloor="14" tofloor="0" weight="69" />
  <passenger name="Ben_194" comingtime="2675" fromfloor="17" tofloor="1" weight="47" />
  <passenger name="Ben_195" comingtime="2574" fromfloor="18" tofloor="1" weight="63" />
  <passenger name="Ben_196" comingtime="94" fromfloor="12" tofloor="1" weight="61" />
  <passenger name="Ben_197" comingtime="2999" fromfloor="9" tofloor="1" weight="49" />
  <passenger name="Ben_198" comingtime="2319" fromfloor="11" tofloor="0" weight="69" />
  <passenger name="Ben_199" comingtime="3226" fromfloor="13" tofloor="1" weight="59" />
  <passenger name="Ben_200" comingtime="1391" fromfloor="6" tofloor="0" weight="53" />
  <passenger name="Ben_201" comingtime="894" fromfloor="5" tofloor="0" weight="51" />
  <passenger name="Ben_202" comingtime="912" fromfloor="16" tofloor="0" weight="61" />
  <passenger name="Ben_203" comingtime="1384" fromfloor="14" tofloor="0" weight="55" />
  <passenger name="Ben_204" comingtime="1481" fromfloor="7" tofloor="0" weight="64" />
  <passenger name="Ben_205" comingtime="2327" fromfloor="17" tofloor="1" weight="69" />
  <passenger name="Ben_206" comingtime="711" fromfloor="20" tofloor="0" weight="57" />
  <passenger name="Ben_207" comingtime="2621" fromfloor="16" tofloor="0" weight="51" />
  <passenger name="Ben_208" comingtime="1914" fromfloor="11" tofloor="0" weight="49" />
  <passenger name="Ben_209" comingtime="65" fromfloor="8" tofloor="0" weight="57" />
  <passenger name="Ben_210" comingtime="691" fromfloor="5" tofloor="1" weight="47" />
  <passenger name="Ben_211" comingtime="87" fromfloor="5" tofloor="0" weight="49" />
  <passenger name="Ben_212" comingtime="2802" fromfloor="13" tofloor="1" weight="65" />
  <passenger name="Ben_213" comingtime="2801" fromfloor="18" tofloor="0" weight="60" />
  <passenger name="Ben_214" comingtime="412" fromfloor="3" tofloor="1" weight="50" />
  <passenger name="Ben_215" comingtime="809" fromfloor="6" tofloor="0" weight="50" />
  <passenger name="Ben_216" comingtime="1416" fromfloor="9" tofloor="1" weight="51" />
  <passenger name="Ben_217" comingtime="2180" fromfloor="2" tofloor="1" weight="50" />
  <passenger name="Ben_218" comingtime="979" fromfloor="3" tofloor="0" weight="45" />
  <passenger name="Ben_219" comingtime="331" fromfloor="3" tofloor="1" weight="65" />
  <passenger name="Ben_220" comingtime="3197" fromfloor="3" tofloor="0" weight="65" />
  <passenger name="Ben_221" comingtime="1755" fromfloor="5" tofloor="0" weight="68" />
  <passenger name="Ben_222" comingtime="1981" fromfloor="7" tofloor="0" weight="69" />
  <passenger name="Ben_223" comingtime="1430" fromfloor="13" tofloor="0" weight="53" />
  <passenger name="Ben_224" comingtime="2133" fromfloor="4" tofloor="0" weight="53" />
  <passenger name="Ben_225" comingtime="784" fromfloor="18" tofloor="1" weight="49" />
  <passenger name="Ben_226" comingtime="475" fromfloor="2" tofloor="0" weight="47" />
  <passenger name="Ben_227" comingtime="3018" fromfloor="20" tofloor="1" weight="63" />
  <passenger name="Ben_228" comingtime="1218" fromfloor="5" tofloor="0" weight="67" />
  <passenger name="Ben_229" comingtime="1012" fromfloor="18" tofloor="0" weight="68" />
  <passenger name="Ben_230" comingtime="2011" fromfloor="5" tofloor="1" weight="69" />
  <passenger name="Ben_231" comingtime="2547" fromfloor="20" tofloor="1" weight="62" />
  <passenger name="Ben_232" comingtime="1108" fromfloor="17" tofloor="1" weight="54" />
  <passenger name="Ben_233" comingtime="2198" fromfloor="7" tofloor="1" weight="45" />
  <passenger name="Ben_234" comingtime="1492" fromfloor="6" tofloor="1" weight="57" />
  <passenger name="Ben_235" comingtime="1664" fromfloor="20" tofloor="1" weight="58" />
  <passenger name="Ben_236" comingtime="903" fromfloor="18" tofloor="0" weight="63" />
  <passenger name="Ben_237" comingtime="1235" fromfloor="17" tofloor="0" weight="55" />
  <passenger name="Ben_238" comingtime="1724" fromfloor="16" tofloor="0" weight="56" />
  <passenger name="Ben_239" comingtime="1150" fromfloor="3" tofloor="1" weight="51" />
  <passenger name="Ben_240" comingtime="2980" fromfloor="2" tofloor="0" weight="45" />
  <passenger name="Ben_241" comingtime="2653" fromfloor="2" tofloor="0" weight="62" />
  <passenger name="Ben_242" comingtime="2401" fromfloor="8" tofloor="0" weight="52" />
  <passenger name="Ben_243" comingtime="3590" fromfloor="14" tofloor="0" weight="64" />
  <passenger name="Ben_244" comingtime="583" fromfloor="17" tofloor="1" weight="52" />
  <passenger name="Ben_245" comingtime="701" fromfloor="3" tofloor="1" weight="49" />
  <passenger name="Ben_246" comingtime="543" fromfloor="6" tofloor="0" weight="54" />
  <passenger name="Ben_247" comingtime="2492" fromfloor="8" tofloor="0" weight="66" />
  <passenger name="Ben_248" comingtime="1532" fromfloor="5" tofloor="0" weight="55" />
  <passenger name="Ben_249" comingtime="1916" fromfloor="12" tofloor="0" weight="62" />
  <passenger name="Ben_250" comingtime="3073" fromfloor="6" tofloor="1" weight="69" />
  <passenger name="Ben_251" comingtime="2512" fromfloor="4" tofloor="0" weight="57" />
  <passenger name="Ben_252" comingtime="2698" fromfloor="2" tofloor="0" weight="54" />
  <passenger name="Ben_253" comingtime="2990" fromfloor="17" tofloor="1" weight="61" />
  <passenger name="Ben_254" comingtime="2264" fromfloor="6" tofloor="0" weight="48" />
  <passenger name="Ben_255" comingtime="1445" fromfloor="20" tofloor="0" weight="53" />
  <passenger name="Ben_256" comingtime="243" fromfloor="3" tofloor="1" weight="54" />
  <passenger name="Ben_257" comingtime="2238" fromfloor="7" tofloor="1" weight="62" />
  <passenger name="Ben_258" comingtime="1622" fromfloor="19" tofloor="1" weight="55" />
  <passenger name="Ben_259" comingtime="1275" fromfloor="4" tofloor="1" weight="46" />
  <passenger name="Ben_260" comingtime="998" fromfloor="6" tofloor="1" weight="68" />
  <passenger name="Ben_261" comingtime="3064" fromfloor="13" tofloor="0" weight="54" />
  <passenger name="Ben_262" comingtime="52" fromfloor="17" tofloor="1" weight="56" />
  <passenger name="Ben_263" comingtime="3091" fromfloor="17" tofloor="0" weight="58" />
  <passenger name="Ben_264" comingtime="2913" fromfloor="17" tofloor="0" weight="61" />
  <passenger name="Ben_265" comingtime="1524" fromfloor="15" tofloor="0" weight="64" />
  <passenger name="Ben_266" comingtime="2035" fromfloor="15" tofloor="0" weight="53" />
  <passenger name="Ben_267" comingtime="3179" fromfloor="3" tofloor="0" weight="58" />
  <passenger name="Ben_268" comingtime="908" fromfloor="8" tofloor="1" weight="66" />
  <passenger name="Ben_269" comingtime="2583" fromfloor="7" tofloor="0" weight="58" />
  <passenger name="Ben_270" comingtime="3176" fromfloor="3" tofloor="1" weight="53" />
  <passenger name="Ben_271" comingtime="2142" fromfloor="7" tofloor="1" weight="66" />
  <passenger name="Ben_272" comingtime="3567" fromfloor="15" tofloor="1" weight="64" />
  <passenger name="Ben_273" comingtime="2829" fromfloor="16" tofloor="0" weight="53" />
  <passenger name="Ben_274" comingtime="1792" fromfloor="18" tofloor="0" weight="60" />
  <passenger name="Ben_275" comingtime="3055" fromfloor="17" tofloor="1" weight="55" />
  <passenger name="Ben_276" comingtime="1587" fromfloor="3" tofloor="0" weight="60" />
  <passenger name="Ben_277" comingtime="3170" fromfloor="14" tofloor="0" weight="61" />
  <passenger name="Ben_278" comingtime="423" fromfloor="15" tofloor="0" weight="52" />
  <passenger name="Ben_279" comingtime="581" fromfloor="9" tofloor="0" weight="58" />
  <passenger name="Ben_280" comingtime="989" fromfloor="11" tofloor="1" weight="56" />
  <passenger name="Ben_281" comingtime="1456" fromfloor="19" tofloor="1" weight="50" />
  <passenger name="Ben_282" comingtime="1671" fromfloor="5" tofloor="0" weight="67" />
  <passenger name="Ben_283" comingtime="1786" fromfloor="17" tofloor="1" weight="55" />
  <passenger name="Ben_284" comingtime="2254" fromfloor="2" tofloor="1" weight="46" />
  <passenger name="Ben_285" comingtime="3488" fromfloor="2" tofloor="0" weight="48" />
  <passenger name="Ben_286" comingtime="2383" fromfloor="19" tofloor="1" weight="55" />
  <passenger name="Ben_287" comingtime="1022" fromfloor="10" tofloor="0" weight="45" />
  <passenger name="Ben_288" comingtime="1879" fromfloor="20" tofloor="0" weight="54" />
  <passenger name="Ben_289" comingtime="3018" fromfloor="14" tofloor="1" weight="54" />
  <passenger name="Ben_290" comingtime="2558" fromfloor="12" tofloor="0" weight="55" />
  <passenger name="Ben_291" comingtime="1863" fromfloor="6" tofloor="0" weight="59" />
  <passenger name="Ben_292" comingtime="286" fromfloor="18" tofloor="1" weight="60" />
  <passenger name="Ben_293" comingtime="2002" fromfloor="9" tofloor="1" weight="45" />
  <passenger name="Ben_294" comingtime="191" fromfloor="11" tofloor="0" weight="50" />
  <passenger name="Ben_295" comingtime="1858" fromfloor="5" tofloor="1" weight="57" />
  <passenger name="Ben_296" comingtime="434" fromfloor="12" tofloor="1" weight="68" />
  <passenger name="Ben_297" comingtime="839" fromfloor="4" tofloor="0" weight="63" />
  <passenger name="Ben_298" comingtime="1020" fromfloor="4" tofloor="0" weight="53" />
  <passenger name="Ben_299" comingtime="259" fromfloor="10" tofloor="1" weight="51" />
  <passenger name="Ben_300" comingtime="2111" fromfloor="17" tofloor="1" weight="66" />
  <passenger name="Ben_301" comingtime="2401" fromfloor="11" tofloor="0" weight="61" />
  <passenger name="Ben_302" comingtime="298" fromfloor="2" tofloor="1" weight="61" />
  <passenger name="Ben_303" comingtime="2359" fromfloor="11" tofloor="0" weight="51" />
  <passenger name="Ben_304" comingtime="2697" fromfloor="12" tofloor="1" weight="66" />
  <passenger name="Ben_305" comingtime="3403" fromfloor="9" tofloor="1" weight="68" />
  <passenger name="Ben_306" comingtime="3307" fromfloor="16" tofloor="1" weight="66" />
  <passenger name="Ben_307" comingtime="1002" fromfloor="18" tofloor="0" weight="68" />
  <passenger name="Ben_308" comingtime="1769" fromfloor="10" tofloor="0" weight="66" />
  <passenger name="Ben_309" comingtime="909" fromfloor="15" tofloor="0" weight="49" />
  <passenger name="Ben_310" comingtime="1216" fromfloor="6" tofloor="0" weight="69" />
  <passenger name="Ben_311" comingtime="1332" fromfloor="8" tofloor="1" weight="48" />
  <passenger name="Ben_312" comingtime="1490" fromfloor="4" tofloor="1" weight="45" />
  <passenger name="Ben_313" comingtime="452" fromfloor="13" tofloor="0" weight="66" />
  <passenger name="Ben_314" comingtime="797" fromfloor="18" tofloor="0" weight="57" />
  <passenger name="Ben_315" comingtime="112" fromfloor="14" tofloor="1" weight="68" />
  <passenger name="Ben_316" comingtime="1171" fromfloor="18" tofloor="1" weight="48" />
  <passenger name="Ben_317" comingtime="2206" fromfloor="9" tofloor="1" weight="49" />
  <passenger name="Ben_318" comingtime="3294" fromfloor="9" tofloor="1" weight="55" />
  <passenger name="Ben_319" comingtime="403" fromfloor="19" tofloor="0" weight="66" />
  <passenger name="Ben_320" comingtime="229" fromfloor="16" tofloor="0" weight="60" />
  <passenger name="Ben_321" comingtime="1298" fromfloor="11" tofloor="0" weight="64" />
  <passenger name="Ben_322" comingtime="1221" fromfloor="7" tofloor="0" weight="68" />
  <passenger name="Ben_323" comingtime="2331" fromfloor="15" tofloor="0" weight="68" />
  <passenger name="Ben_324" comingtime="522" fromfloor="19" tofloor="0" weight="60" />
  <passenger name="Ben_325" comingtime="1536" fromfloor="20" tofloor="0" weight="45" />
  <passenger name="Ben_326" comingtime="3532" fromfloor="10" tofloor="1" weight="65" />
  <passenger name="Ben_327" comingtime="2040" fromfloor="19" tofloor="1" weight="55" />
  <passenger name="Ben_328" comingtime="680" fromfloor="2" tofloor="1" weight="63" />
  <passenger name="Ben_329" comingtime="1787" fromfloor="17" tofloor="1" weight="61" />
  <passenger name="Ben_330" comingtime="1180" fromfloor="15" tofloor="0" weight="67" />
  <passenger name="Ben_331" comingtime="2250" fromfloor="4" tofloor="1" weight="65" />
  <passenger name="Ben_332" comingtime="1441" fromfloor="6" tofloor="0" weight="65" />
  <passenger name="Ben_333" comingtime="1177" fromfloor="15" tofloor="0" weight="54" />
  <passenger name="Ben_334" comingtime="3255" fromfloor="2" tofloor="0" weight="57" />
  <passenger name="Ben_335" comingtime="743" fromfloor="5" tofloor="0" weight="57" />
  <passenger name="Ben_336" comingtime="290" fromfloor="12" tofloor="0" weight="67" />
  <passenger name="Ben_337" comingtime="1816" fromfloor="9" tofloor="1" weight="51" />
  <passenger name="Ben_338" comingtime="1483" fromfloor="3" tofloor="1" weight="58" />
  <passenger name="Ben_339" comingtime="1667" fromfloor="5" tofloor="0" weight="55" />
  <passenger name="Ben_340" comingtime="1472" fromfloor="2" tofloor="0" weight="51" />
  <passenger name="Ben_341" comingtime="1453" fromfloor="7" tofloor="0" weight="45" />
  <passenger name="Ben_342" comingtime="404" fromfloor="2" tofloor="1" weight="54" />
  <passenger name="Ben_343" comingtime="806" fromfloor="17" tofloor="1" weight="62" />
  <passenger name="Ben_344" comingtime="1447" fromfloor="5" tofloor="1" weight="56" />
  <passenger name="Ben_345" comingtime="2043" fromfloor="10" tofloor="1" weight="62" />
  <passenger name="Ben_346" comingtime="2018" fromfloor="19" tofloor="1" weight="54" />
  <passenger name="Ben_347" comingtime="1890" fromfloor="6" tofloor="0" weight="58" />
  <passenger name="Ben_348" comingtime="1121" fromfloor="16" tofloor="0" weight="62" />
  <passenger name="Ben_349" comingtime="959" fromfloor="14" tofloor="0" weight="68" />
  <passenger name="Ben_350" comingtime="117" fromfloor="7" tofloor="0" weight="66" />
  <passenger name="Ben_351" comingtime="2227" fromfloor="9" tofloor="1" weight="66" />
  <passenger name="Ben_352" comingtime="1658" fromfloor="4" tofloor="1" weight="48" />
  <passenger name="Ben_353" comingtime="3065" fromfloor="11" tofloor="0" weight="61" />
  <passenger name="Ben_354" comingtime="822" fromfloor="4" tofloor="1" weight="60" />
  <passenger name="Ben_355" comingtime="1284" fromfloor="5" tofloor="0" weight="64" />
  <passenger name="Ben_356" comingtime="2837" fromfloor="17" tofloor="1" weight="69" />
  <passenger name="Ben_357" comingtime="687" fromfloor="17" tofloor="0" weight="61" />
  <passenger name="Ben_358" comingtime="2275" fromfloor="3" tofloor="1" weight="50" />
  <passenger name="Ben_359" comingtime="380" fromfloor="15" tofloor="1" weight="61" />
  <passenger name="Ben_360" comingtime="1497" fromfloor="7" tofloor="0" weight="63" />
  <passenger name="Ben_361" comingtime="2685" fromfloor="9" tofloor="1" weight="64" />
  <passenger name="Ben_362" comingtime="1637" fromfloor="17" tofloor="1" weight="45" />
  <passenger name="Ben_363" comingtime="2113" fromfloor="12" tofloor="0" weight="48" />
  <passenger name="Ben_364" comingtime="2920" fromfloor="12" tofloor="0" weight="61" />
  <passenger name="Ben_365" comingtime="1110" fromfloor="15" tofloor="0" weight="58" />
  <passenger name="Ben_366" comingtime="926" fromfloor="18" tofloor="1" weight="49" />
  <passenger name="Ben_367" comingtime="3137" fromfloor="19" tofloor="1" weight="56" />
  <passenger name="Ben_368" comingtime="3263" fromfloor="20" tofloor="0" weight="63" />
  <passenger name="Ben_369" comingtime="2572" fromfloor="6" tofloor="0" weight="66" />
  <passenger name="Ben_370" comingtime="1007" fromfloor="14" tofloor="0" weight="50" />
  <passenger name="Ben_371" comingtime="2227" fromfloor="10" tofloor="0" weight="64" />
  <passenger name="Ben_372" comingtime="3070" fromfloor="19" tofloor="1" weight="49" />
  <passenger name="Ben_373" comingtime="468" fromfloor="18" tofloor="0" weight="53" />
  <passenger name="Ben_374" comingtime="449" fromfloor="16" tofloor="0" weight="53" />
  <passenger name="Ben_375" comingtime="2236" fromfloor="17" tofloor="0" weight="65" />
  <passenger name="Ben_376" comingtime="480" fromfloor="20" tofloor="0" weight="62" />
  <passenger name="Ben_377" comingtime="2458" fromfloor="15" tofloor="1" weight="69" />
  <passenger name="Ben_378" comingtime="1494" fromfloor="11" tofloor="0" weight="59" />
  <passenger name="Ben_379" comingtime="965" fromfloor="7" tofloor="0" weight="47" />
  <passenger name="Ben_380" comingtime="1674" fromfloor="2" tofloor="1" weight="58" />
  <passenger name="Ben_381" comingtime="2880" fromfloor="4" tofloor="1" weight="67" />
  <passenger name="Ben_382" comingtime="2612" fromfloor="19" tofloor="0" weight="51" />
  <passenger name="Ben_383" comingtime="738" fromfloor="19" tofloor="1" weight="55" />
  <passenger name="Ben_384" comingtime="276" fromfloor="8" tofloor="0" weight="49" />
  <passenger name="Ben_385" comingtime="436" fromfloor="17" tofloor="0" weight="59" />
  <passenger name="Ben_386" comingtime="2108" fromfloor="4" tofloor="0" weight="49" />
  <passenger name="Ben_387" comingtime="3458" fromfloor="19" tofloor="0" weight="68" />
  <passenger name="Ben_388" comingtime="879" fromfloor="5" tofloor="1" weight="58" />
  <passenger name="Ben_389" comingtime="893" fromfloor="7" tofloor="1" weight="65" />
  <passenger name="Ben_390" comingtime="2316" fromfloor="5" tofloor="1" weight="51" />
  <passenger name="Ben_391" comingtime="351" fromfloor="4" tofloor="1" weight="64" />
  <passenger name="Ben_392" comingtime="302" fromfloor="17" tofloor="1" weight="52" />
  <passenger name="Ben_393" comingtime="2245" fromfloor="10" tofloor="1" weight="49" />
  <passenger name="Ben_394" comingtime="1635" fromfloor="12" tofloor="0" weight="60" />
  <passenger name="Ben_395" comingtime="304" fromfloor="7" tofloor="0" weight="65" />
  <passenger name="Ben_396" comingtime="2177" fromfloor="17" tofloor="1" weight="50" />
  <passenger name="Ben_397" comingtime="2499" fromfloor="2" tofloor="0" weight="51" />
  <passenger name="Ben_398" comingtime="573" fromfloor="19" tofloor="0" weight="54" />
  <passenger name="Ben_399" comingtime="3507" fromfloor="13" tofloor="1" weight="45" />
  <passenger name="Ben_400" comingtime="3062" fromfloor="8" tofloor="1" weight="48" />
  <passenger name="Ben_401" comingtime="1686" fromfloor="10" tofloor="1" weight="47" />
  <passenger name="Ben_402" comingtime="3403" fromfloor="4" tofloor="0" weight="50" />
  <passenger name="Ben_403" comingtime="1365" fromfloor="9" tofloor="1" weight="57" />
  <passenger name="Ben_404" comingtime="2986" fromfloor="6" tofloor="1" weight="50" />
  <passenger name="Ben_405" comingtime="69" fromfloor="2" tofloor="0" weight="49" />
  <passenger name="Ben_406" comingtime="2152" fromfloor="8" tofloor="1" weight="58" />
  <passenger name="Ben_407" comingtime="2650" fromfloor="16" tofloor="0" weight="51" />
  <passenger name="Ben_408" comingtime="562" fromfloor="13" tofloor="0" weight="57" />
  <passenger name="Ben_409" comingtime="803" fromfloor="2" tofloor="0" weight="62" />
  <passenger name="Ben_410" comingtime="3150" fromfloor="9" tofloor="0" weight="62" />
  <passenger name="Ben_411" comingtime="2239" fromfloor="7" tofloor="0" weight="52" />
  <passenger name="Ben_412" comingtime="2508" fromfloor="2" tofloor="0" weight="53" />
  <passenger name="Ben_413" comingtime="885" fromfloor="11" tofloor="0" weight="49" />
  <passenger name="Ben_414" comingtime="3383" fromfloor="13" tofloor="0" weight="62" />
  <passenger name="Ben_415" comingtime="3599" fromfloor="15" tofloor="1" weight="56" />
  <passenger name="Ben_416" comingtime="2525" fromfloor="2" tofloor="1" weight="64" />
  <passenger name="Ben_417" comingtime="202" fromfloor="6" tofloor="0" weight="45" />
  <passenger name="Ben_418" comingtime="574" fromfloor="11" tofloor="1" weight="49" />
  <passenger name="Ben_419" comingtime="2738" fromfloor="18" tofloor="1" weight="58" />
  <passenger name="Ben_420" comingtime="1013" fromfloor="13" tofloor="0" weight="45" />
  <passenger name="Ben_421" comingtime="2444" fromfloor="11" tofloor="0" weight="63" />
  <passenger name="Ben_422" comingtime="198" fromfloor="17" tofloor="1" weight="60" />
  <passenger name="Ben_423" comingtime="26" fromfloor="19" tofloor="1" weight="51" />
  <passenger name="Ben_424" comingtime="1932" fromfloor="17" tofloor="1" weight="65" />
  <passenger name="Ben_425" comingtime="2130" fromfloor="8" tofloor="0" weight="47" />
  <passenger name="Ben_426" comingtime="105" fromfloor="12" tofloor="1" weight="55" />
  <passenger name="Ben_427" comingtime="698" fromfloor="2" tofloor="1" weight="52" />
  <passenger name="Ben_428" comingtime="2259" fromfloor="19" tofloor="0" weight="69" />
  <passenger name="Ben_429" comingtime="1593" fromfloor="14" tofloor="1" weight="56" />
  <passenger name="Ben_430" comingtime="1487" fromfloor="4" tofloor="0" weight="50" />
  <passenger name="Ben_431" comingtime="17" fromfloor="17" tofloor="1" weight="69" />
  <passenger name="Ben_432" comingtime="2115" fromfloor="5" tofloor="0" weight="54" />
  <passenger name="Ben_433" comingtime="1249" fromfloor="20" tofloor="1" weight="65" />
  <passenger name="Ben_434" comingtime="1278" fromfloor="18" tofloor="0" weight="68" />
  <passenger name="Ben_435" comingtime="1068" fromfloor="12" tofloor="0" weight="55" />
  <passenger name="Ben_436" comingtime="645" fromfloor="5" tofloor="0" weight="56" />
  <passenger name="Ben_437" comingtime="2592" fromfloor="3" tofloor="0" weight="45" />
  <passenger name="Ben_438" comingtime="1173" fromfloor="4" tofloor="1" weight="49" />
  <passenger name="Ben_439" comingtime="1603" fromfloor="15" tofloor="1" weight="66" />
  <passenger name="Ben_440" comingtime="1229" fromfloor="16" tofloor="0" weight="48" />
  <passenger name="Ben_441" comingtime="2779" fromfloor="5" tofloor="1" weight="65" />
  <passenger name="Ben_442" comingtime="460" fromfloor="2" tofloor="1" weight="69" />
  <passenger name="Ben_443" comingtime="811" fromfloor="17" tofloor="0" weight="46" />
  <passenger name="Ben_444" comingtime="2797" fromfloor="15" tofloor="1" weight="69" />
  <passenger name="Ben_445" comingtime="851" fromfloor="13" tofloor="0" weight="66" />
  <passenger name="Ben_446" comingtime="2102" fromfloor="9" tofloor="0" weight="64" />
  <passenger name="Ben_447" comingtime="3050" fromfloor="12" tofloor="0" weight="61" />
  <passenger name="Ben_448" comingtime="2612" fromfloor="20" tofloor="0" weight="65" />
  <passenger name="Ben_449" comingtime="2270" fromfloor="5" tofloor="1" weight="51" />
  <passenger name="Ben_450" comingtime="1426" fromfloor="17" tofloor="0" weight="56" />
  <passenger name="Ben_451" comingtime="1098" fromfloor="12" tofloor="0" weight="106" />
  <passenger name="Ben_452" comingtime="1054" fromfloor="14" tofloor="1" weight="83" />
  <passenger name="Ben_453" comingtime="2272" fromfloor="3" tofloor="0" weight="91" />
  <passenger name="Ben_454" comingtime="2247" fromfloor="10" tofloor="0" weight="117" />
  <passenger name="Ben_455" comingtime="2675" fromfloor="10" tofloor="0" weight="105" />
  <passenger name="Ben_456" comingtime="2697" fromfloor="2" tofloor="0" weight="92" />
  <passenger name="Ben_457" comingtime="2437" fromfloor="7" tofloor="0" weight="82" />
  <passenger name="Ben_458" comingtime="1401" fromfloor="3" tofloor="0" weight="105" />
  <passenger name="Ben_459" comingtime="2722" fromfloor="11" tofloor="0" weight="108" />
  <passenger name="Ben_460" comingtime="3568" fromfloor="20" tofloor="1" weight="83" />
  <passenger name="Ben_461" comingtime="3157" fromfloor="15" tofloor="1" weight="106" />
  <passenger name="Ben_462" comingtime="2883" fromfloor="12" tofloor="0" weight="89" />
  <passenger name="Ben_463" comingtime="1459" fromfloor="6" tofloor="1" weight="92" />
  <passenger name="Ben_464" comingtime="1484" fromfloor="13" tofloor="0" weight="113" />
  <passenger name="Ben_465" comingtime="3421" fromfloor="8" tofloor="0" weight="73" />
  <passenger name="Ben_466" comingtime="1988" fromfloor="15" tofloor="1" weight="103" />
  <passenger name="Ben_467" comingtime="2419" fromfloor="4" tofloor="0" weight="80" />
  <passenger name="Ben_468" comingtime="3593" fromfloor="17" tofloor="1" weight="76" />
  <passenger name="Ben_469" comingtime="1607" fromfloor="6" tofloor="0" weight="70" />
  <passenger name="Ben_470" comingtime="1674" fromfloor="2" tofloor="0" weight="96" />
  <passenger name="Ben_471" comingtime="3059" fromfloor="11" tofloor="0" weight="103" />
  <passenger name="Ben_472" comingtime="2241" fromfloor="4" tofloor="1" weight="89" />
  <passenger name="Ben_473" comingtime="1139" fromfloor="6" tofloor="1" weight="79" />
  <passenger name="Ben_474" comingtime="219" fromfloor="8" tofloor="1" weight="97" />
  <passenger name="Ben_475" comingtime="1502" fromfloor="20" tofloor="1" weight="72" />
  <passenger name="Ben_476" comingtime="750" fromfloor="9" tofloor="1" weight="73" />
  <passenger name="Ben_477" comingtime="1717" fromfloor="13" tofloor="1" weight="100" />
  <passenger name="Ben_478" comingtime="2175" fromfloor="4" tofloor="1" weight="102" />
  <passenger name="Ben_479" comingtime="1847" fromfloor="3" tofloor="1" weight="93" />
  <passenger name="Ben_480" comingtime="94" fromfloor="13" tofloor="0" weight="106" />
  <passenger name="Ben_481" comingtime="2094" fromfloor="9" tofloor="0" weight="107" />
  <passenger name="Ben_482" comingtime="3441" fromfloor="19" tofloor="0" weight="78" />
  <passenger name="Ben_483" comingtime="3374" fromfloor="5" tofloor="0" weight="89" />
  <passenger name="Ben_484" comingtime="2490" fromfloor="14" tofloor="0" weight="105" />
  <passenger name="Ben_485" comingtime="1191" fromfloor="11" tofloor="1" weight="89" />
  <passenger name="Ben_486" comingtime="2450" fromfloor="14" tofloor="1" weight="111" />
  <passenger name="Ben_487" comingtime="724" fromfloor="3" tofloor="1" weight="106" />
  <passenger name="Ben_488" comingtime="2567" fromfloor="19" tofloor="0" weight="91" />
  <passenger name="Ben_489" comingtime="2847" fromfloor="19" tofloor="0" weight="81" />
  <passenger name="Ben_490" comingtime="1054" fromfloor="2" tofloor="0" weight="110" />
  <passenger name="Ben_491" comingtime="3342" fromfloor="19" tofloor="1" weight="95" />
  <passenger name="Ben_492" comingtime="769" fromfloor="10" tofloor="1" weight="99" />
  <passenger name="Ben_493" comingtime="616" fromfloor="17" tofloor="0" weight="100" />
  <passenger name="Ben_494" comingtime="1492" fromfloor="18" tofloor="0" weight="97" />
  <passenger name="Ben_495" comingtime="2780" fromfloor="14" tofloor="1" weight="84" />
  <passenger name="Ben_496" comingtime="540" fromfloor="19" tofloor="1" weight="74" />
  <passenger name="Ben_497" comingtime="2218" fromfloor="7" tofloor="0" weight="74" />
  <passenger name="Ben_498" comingtime="353" fromfloor="14" tofloor="0" weight="96" />
  <passenger name="Ben_499" comingtime="1453" fromfloor="2" tofloor="0" weight="110" />
  <passenger name="Ben_500" comingtime="2632" fromfloor="8" tofloor="0" weight="104" />
  <passenger name="Ben_501" comingtime="2202" fromfloor="20" tofloor="0" weight="74" />
  <passenger name="Ben_502" comingtime="1676" fromfloor="13" tofloor="1" weight="111" />
  <passenger name="Ben_503" comingtime="661" fromfloor="5" tofloor="0" weight="111" />
  <passenger name="Ben_504" comingtime="3428" fromfloor="17" tofloor="1" weight="107" />
  <passenger name="Ben_505" comingtime="2859" fromfloor="6" tofloor="0" weight="100" />
  <passenger name="Ben_506" comingtime="3217" fromfloor="5" tofloor="0" weight="92" />
  <passenger name="Ben_507" comingtime="1792" fromfloor="4" tofloor="0" weight="108" />
  <passenger name="Ben_508" comingtime="3373" fromfloor="4" tofloor="1" weight="104" />
  <passenger name="Ben_509" comingtime="939" fromfloor="15" tofloor="0" weight="78" />
  <passenger name="Ben_510" comingtime="2867" fromfloor="20" tofloor="0" weight="95" />
  <passenger name="Ben_511" comingtime="316" fromfloor="16" tofloor="0" weight="72" />
  <passenger name="Ben_512" comingtime="2890" fromfloor="19" tofloor="1" weight="71" />
  <passenger name="Ben_513" comingtime="2425" fromfloor="10" tofloor="0" weight="80" />
  <passenger name="Ben_514" comingtime="2767" fromfloor="10" tofloor="1" weight="100" />
  <passenger name="Ben_515" comingtime="584" fromfloor="6" tofloor="0" weight="97" />
  <passenger name="Ben_516" comingtime="694" fromfloor="8" tofloor="0" weight="82" />
  <passenger name="Ben_517" comingtime="1555" fromfloor="19" tofloor="1" weight="77" />
  <passenger name="Ben_518" comingtime="592" fromfloor="8" tofloor="0" weight="119" />
  <passenger name="Ben_519" comingtime="3098" fromfloor="19" tofloor="1" weight="90" />
  <passenger name="Ben_520" comingtime="2401" fromfloor="9" tofloor="1" weight="92" />
  <passenger name="Ben_521" comingtime="1124" fromfloor="14" tofloor="0" weight="98" />
  <passenger name="Ben_522" comingtime="2519" fromfloor="8" tofloor="0" weight="87" />
  <passenger name="Ben_523" comingtime="199" fromfloor="15" tofloor="0" weight="85" />
  <passenger name="Ben_524" comingtime="1740" fromfloor="12" tofloor="1" weight="79" />
  <passenger name="Ben_525" comingtime="1438" fromfloor="6" tofloor="1" weight="86" />
  <passenger name="Ben_526" comingtime="2129" fromfloor="5" tofloor="1" weight="83" />
  <passenger name="Ben_527" comingtime="2906" fromfloor="4" tofloor="0" weight="114" />
  <passenger name="Ben_528" comingtime="676" fromfloor="19" tofloor="0" weight="101" />
  <passenger name="Ben_529" comingtime="2773" fromfloor="8" tofloor="0" weight="85" />
  <passenger name="Ben_530" comingtime="1262" fromfloor="3" tofloor="1" weight="75" />
  <passenger name="Ben_531" comingtime="1078" fromfloor="13" tofloor="0" weight="81" />
  <passenger name="Ben_532" comingtime="136" fromfloor="16" tofloor="1" weight="92" />
  <passenger name="Ben_533" comingtime="2825" fromfloor="2" tofloor="1" weight="93" />
  <passenger name="Ben_534" comingtime="2420" fromfloor="5" tofloor="1" weight="75" />
  <passenger name="Ben_535" comingtime="2899" fromfloor="19" tofloor="0" weight="74" />
  <passenger name="Ben_536" comingtime="1048" fromfloor="20" tofloor="0" weight="95" />
  <passenger name="Ben_537" comingtime="378" fromfloor="14" tofloor="1" weight="115" />
  <passenger name="Ben_538" comingtime="1862" fromfloor="4" tofloor="0" weight="94" />
  <passenger name="Ben_539" comingtime="1935" fromfloor="12" tofloor="1" weight="79" />
  <passenger name="Ben_540" comingtime="1042" fromfloor="19" tofloor="1" weight="98" />
  <passenger name="Ben_541" comingtime="923" fromfloor="2" tofloor="1" weight="85" />
  <passenger name="Ben_542" comingtime="532" fromfloor="6" tofloor="1" weight="104" />
  <passenger name="Ben_543" comingtime="1143" fromfloor="20" tofloor="0" weight="113" />
  <passenger name="Ben_544" comingtime="1894" fromfloor="18" tofloor="0" weight="117" />
  <passenger name="Ben_545" comingtime="1990" fromfloor="17" tofloor="1" weight="107" />
  <passenger name="Ben_546" comingtime="2716" fromfloor="16" tofloor="1" weight="104" />
  <passenger name="Ben_547" comingtime="2375" fromfloor="12" tofloor="0" weight="85" />
  <passenger name="Ben_548" comingtime="1375" fromfloor="17" tofloor="0" weight="81" />
  <passenger name="Ben_549" comingtime="2169" fromfloor="5" tofloor="0" weight="108" />
  <passenger name="Ben_550" comingtime="2514" fromfloor="16" tofloor="0" weight="72" />
  <passenger name="Ben_551" comingtime="2424" fromfloor="6" tofloor="0" weight="118" />
  <passenger name="Ben_552" comingtime="2797" fromfloor="18" tofloor="0" weight="118" />
  <passenger name="Ben_553" comingtime="3167" fromfloor="17" tofloor="1" weight="89" />
  <passenger name="Ben_554" comingtime="2301" fromfloor="9" tofloor="0" weight="101" />
  <passenger name="Ben_555" comingtime="1795" fromfloor="14" tofloor="1" weight="101" />
  <passenger name="Ben_556" comingtime="104" fromfloor="20" tofloor="0" weight="87" />
  <passenger name="Ben_557" comingtime="2385" fromfloor="16" tofloor="1" weight="109" />
  <passenger name="Ben_558" comingtime="2245" fromfloor="11" tofloor="0" weight="98" />
  <passenger name="Ben_559" comingtime="2636" fromfloor="7" tofloor="0" weight="83" />
  <passenger name="Ben_560" comingtime="2641" fromfloor="3" tofloor="0" weight="93" />
  <passenger name="Ben_561" comingtime="2100" fromfloor="19" tofloor="0" weight="84" />
  <passenger name="Ben_562" comingtime="442" fromfloor="17" tofloor="1" weight="71" />
  <passenger name="Ben_563" comingtime="641" fromfloor="20" tofloor="1" weight="108" />
  <passenger name="Ben_564" comingtime="1774" fromfloor="16" tofloor="1" weight="82" />
  <passenger name="Ben_565" comingtime="1329" fromfloor="7" tofloor="0" weight="89" />
  <passenger name="Ben_566" comingtime="1896" fromfloor="14" tofloor="0" weight="99" />
  <passenger name="Ben_567" comingtime="2399" fromfloor="13" tofloor="0" weight="77" />
  <passenger name="Ben_568" comingtime="941" fromfloor="9" tofloor="1" weight="90" />
  <passenger name="Ben_569" comingtime="1811" fromfloor="7" tofloor="1" weight="104" />
  <passenger name="Ben_570" comingtime="814" fromfloor="9" tofloor="1" weight="115" />
  <passenger name="Ben_571" comingtime="2606" fromfloor="15" tofloor="1" weight="104" />
  <passenger name="Ben_572" comingtime="3157" fromfloor="19" tofloor="0" weight="109" />
  <passenger name="Ben_573" comingtime="2023" fromfloor="8" tofloor="1" weight="78" />
  <passenger name="Ben_574" comingtime="3537" fromfloor="13" tofloor="1" weight="90" />
  <passenger name="Ben_575" comingtime="3317" fromfloor="13" tofloor="1" weight="110" />
  <passenger name="Ben_576" comingtime="2087" fromfloor="12" tofloor="0" weight="84" />
  <passenger name="Ben_577" comingtime="764" fromfloor="5" tofloor="1" weight="75" />
  <passenger name="Ben_578" comingtime="1126" fromfloor="14" tofloor="0" weight="109" />
  <passenger name="Ben_579" comingtime="2427" fromfloor="8" tofloor="1" weight="81" />
  <passenger name="Ben_580" comingtime="2241" fromfloor="18" tofloor="1" weight="113" />
  <passenger name="Ben_581" comingtime="634" fromfloor="8" tofloor="1" weight="84" />
  <passenger name="Ben_582" comingtime="1330" fromfloor="18" tofloor="0" weight="84" />
  <passenger name="Ben_583" comingtime="3205" fromfloor="12" tofloor="0" weight="100" />
  <passenger name="Ben_584" comingtime="1636" fromfloor="13" tofloor="0" weight="86" />
  <passenger name="Ben_585" comingtime="173" fromfloor="10" tofloor="1" weight="82" />
  <passenger name="Ben_586" comingtime="480" fromfloor="16" tofloor="1" weight="71" />
  <passenger name="Ben_587" comingtime="1159" fromfloor="13" tofloor="1" weight="98" />
  <passenger name="Ben_588" comingtime="1516" fromfloor="9" tofloor="0" weight="71" />
  <passenger name="Ben_589" comingtime="1902" fromfloor="17" tofloor="0" weight="79" />
  <passenger name="Ben_590" comingtime="620" fromfloor="19" tofloor="1" weight="119" />
  <passenger name="Ben_591" comingtime="622" fromfloor="12" tofloor="0" weight="83" />
  <passenger name="Ben_592" comingtime="1421" fromfloor="7" tofloor="0" weight="89" />
  <passenger name="Ben_593" comingtime="1759" fromfloor="4" tofloor="1" weight="116" />
  <passenger name="Ben_594" comingtime="872" fromfloor="11" tofloor="1" weight="109" />
  <passenger name="Ben_595" comingtime="2323" fromfloor="14" tofloor="1" weight="83" />
  <passenger name="Ben_596" comingtime="2336" fromfloor="16" tofloor="0" weight="95" />
  <passenger name="Ben_597" comingtime="3274" fromfloor="12" tofloor="1" weight="104" />
  <passenger name="Ben_598" comingtime="2323" fromfloor="5" tofloor="0" weight="110" />
  <passenger name="Ben_599" comingtime="2882" fromfloor="7" tofloor="1" weight="87" />
  <passenger name="Ben_600" comingtime="430" fromfloor="7" tofloor="0" weight="70" />
  <passenger name="Ben_601" comingtime="2029" fromfloor="3" tofloor="1" weight="110" />
  <passenger name="Ben_602" comingtime="292" fromfloor="14" tofloor="0" weight="113" />
  <passenger name="Ben_603" comingtime="110" fromfloor="2" tofloor="0" weight="106" />
  <passenger name="Ben_604" comingtime="362" fromfloor="18" tofloor="1" weight="75" />
  <passenger name="Ben_605" comingtime="3377" fromfloor="3" tofloor="0" weight="107" />
  <passenger name="Ben_606" comingtime="1950" fromfloor="16" tofloor="1" weight="102" />
  <passenger name="Ben_607" comingtime="2279" fromfloor="16" tofloor="0" weight="110" />
  <passenger name="Ben_608" comingtime="438" fromfloor="15" tofloor="0" weight="70" />
  <passenger name="Ben_609" comingtime="519" fromfloor="7" tofloor="0" weight="78" />
  <passenger name="Ben_610" comingtime="3344" fromfloor="10" tofloor="1" weight="86" />
  <passenger name="Ben_611" comingtime="1088" fromfloor="2" tofloor="1" weight="102" />
  <passenger name="Ben_612" comingtime="2413" fromfloor="19" tofloor="0" weight="86" />
  <passenger name="Ben_613" comingtime="2417" fromfloor="20" tofloor="0" weight="96" />
  <passenger name="Ben_614" comingtime="2608" fromfloor="9" tofloor="1" weight="74" />
  <passenger name="Ben_615" comingtime="2567" fromfloor="16" tofloor="1" weight="118" />
  <passenger name="Ben_616" comingtime="1096" fromfloor="12" tofloor="0" weight="80" />
  <passenger name="Ben_617" comingtime="1336" fromfloor="3" tofloor="1" weight="79" />
  <passenger name="Ben_618" comingtime="1089" fromfloor="15" tofloor="1" weight="72" />
  <passenger name="Ben_619" comingtime="1861" fromfloor="5" tofloor="0" weight="83" />
  <passenger name="Ben_620" comingtime="2415" fromfloor="16" tofloor="0" weight="104" />
  <passenger name="Ben_621" comingtime="2324" fromfloor="15" tofloor="1" weight="78" />
  <passenger name="Ben_622" comingtime="2171" fromfloor="9" tofloor="1" weight="109" />
  <passenger name="Ben_623" comingtime="2189" fromfloor="11" tofloor="0" weight="103" />
  <passenger name="Ben_624" comingtime="3222" fromfloor="10" tofloor="1" weight="104" />
  <passenger name="Ben_625" comingtime="3524" fromfloor="4" tofloor="0" weight="84" />
  <passenger name="Ben_626" comingtime="3086" fromfloor="15" tofloor="1" weight="104" />
  <passenger name="Ben_627" comingtime="3368" fromfloor="3" tofloor="1" weight="81" />
  <passenger name="Ben_628" comingtime="2386" fromfloor="20" tofloor="0" weight="91" />
  <passenger name="Ben_629" comingtime="1228" fromfloor="4" tofloor="0" weight="85" />
  <passenger name="Ben_630" comingtime="2168" fromfloor="13" tofloor="1" weight="70" />
  <passenger name="Ben_631" comingtime="3263" fromfloor="3" tofloor="0" weight="105" />
  <passenger name="Ben_632" comingtime="1086" fromfloor="17" tofloor="1" weight="77" />
  <passenger name="Ben_633" comingtime="1492" fromfloor="19" tofloor="0" weight="113" />
  <passenger name="Ben_634" comingtime="2333" fromfloor="5" tofloor="0" weight="116" />
  <passenger name="Ben_635" comingtime="2627" fromfloor="12" tofloor="1" weight="107" />
  <passenger name="Ben_636" comingtime="860" fromfloor="11" tofloor="1" weight="78" />
  <passenger name="Ben_637" comingtime="2670" fromfloor="16" tofloor="0" weight="94" />
  <passenger name="Ben_638" comingtime="1332" fromfloor="13" tofloor="1" weight="100" />
  <passenger name="Ben_639" comingtime="242" fromfloor="10" tofloor="1" weight="79" />
  <passenger name="Ben_640" comingtime="1631" fromfloor="15" tofloor="0" weight="93" />
  <passenger name="Ben_641" comingtime="3316" fromfloor="10" tofloor="1" weight="93" />
  <passenger name="Ben_642" comingtime="1911" fromfloor="14" tofloor="0" weight="99" />
  <passenger name="Ben_643" comingtime="1795" fromfloor="20" tofloor="0" weight="102" />
  <passenger name="Ben_644" comingtime="1429" fromfloor="4" tofloor="1" weight="97" />
  <passenger name="Ben_645" comingtime="3106" fromfloor="17" tofloor="1" weight="101" />
  <passenger name="Ben_646" comingtime="1344" fromfloor="8" tofloor="0" weight="108" />
  <passenger name="Ben_647" comingtime="2113" fromfloor="14" tofloor="1" weight="107" />
  <passenger name="Ben_648" comingtime="1791" fromfloor="4" tofloor="1" weight="82" />
  <passenger name="Ben_649" comingtime="2609" fromfloor="12" tofloor="0" weight="93" />
  <passenger name="Ben_650" comingtime="1085" fromfloor="3" tofloor="0" weight="117" />
  <passenger name="Ben_651" comingtime="1605" fromfloor="20" tofloor="0" weight="75" />
  <passenger name="Ben_652" comingtime="85" fromfloor="9" tofloor="1" weight="80" />
  <passenger name="Ben_653" comingtime="2794" fromfloor="10" tofloor="1" weight="83" />
  <passenger name="Ben_654" comingtime="966" fromfloor="5" tofloor="1" weight="86" />
  <passenger name="Ben_655" comingtime="3527" fromfloor="11" tofloor="1" weight="103" />
  <passenger name="Ben_656" comingtime="2872" fromfloor="19" tofloor="1" weight="113" />
  <passenger name="Ben_657" comingtime="2177" fromfloor="20" tofloor="0" weight="86" />
  <passenger name="Ben_658" comingtime="2011" fromfloor="10" tofloor="0" weight="100" />
  <passenger name="Ben_659" comingtime="3429" fromfloor="15" tofloor="0" weight="73" />
  <passenger name="Ben_660" comingtime="1194" fromfloor="5" tofloor="0" weight="115" />
  <passenger name="Ben_661" comingtime="2836" fromfloor="4" tofloor="1" weight="114" />
  <passenger name="Ben_662" comingtime="3407" fromfloor="15" tofloor="0" weight="99" />
  <passenger name="Ben_663" comingtime="1911" fromfloor="10" tofloor="0" weight="78" />
  <passenger name="Ben_664" comingtime="2577" fromfloor="9" tofloor="1" weight="96" />
  <passenger name="Ben_665" comingtime="2455" fromfloor="11" tofloor="1" weight="76" />
  <passenger name="Ben_666" comingtime="2057" fromfloor="9" tofloor="1" weight="79" />
  <passenger name="Ben_667" comingtime="1830" fromfloor="12" tofloor="1" weight="105" />
  <passenger name="Ben_668" comingtime="968" fromfloor="13" tofloor="0" weight="82" />
  <passenger name="Ben_669" comingtime="132" fromfloor="14" tofloor="1" weight="78" />
  <passenger name="Ben_670" comingtime="2709" fromfloor="11" tofloor="1" weight="89" />
  <passenger name="Ben_671" comingtime="3144" fromfloor="4" tofloor="0" weight="108" />
  <passenger name="Ben_672" comingtime="808" fromfloor="8" tofloor="0" weight="100" />
  <passenger name="Ben_673" comingtime="3584" fromfloor="10" tofloor="1" weight="92" />
  <passenger name="Ben_674" comingtime="2130" fromfloor="3" tofloor="1" weight="86" />
  <passenger name="Ben_675" comingtime="868" fromfloor="15" tofloor="1" weight="84" />
  <passenger name="Ben_676" comingtime="475" fromfloor="17" tofloor="1" weight="96" />
  <passenger name="Ben_677" comingtime="1973" fromfloor="11" tofloor="0" weight="105" />
  <passenger name="Ben_678" comingtime="2619" fromfloor="18" tofloor="1" weight="96" />
  <passenger name="Ben_679" comingtime="1025" fromfloor="5" tofloor="1" weight="107" />
  <passenger name="Ben_680" comingtime="1527" fromfloor="14" tofloor="0" weight="101" />
  <passenger name="Ben_681" comingtime="2976" fromfloor="10" tofloor="1" weight="107" />
  <passenger name="Ben_682" comingtime="1762" fromfloor="16" tofloor="0" weight="100" />
  <passenger name="Ben_683" comingtime="1433" fromfloor="16" tofloor="0" weight="92" />
  <passenger name="Ben_684" comingtime="1772" fromfloor="11" tofloor="1" weight="109" />
  <passenger name="Ben_685" comingtime="1450" fromfloor="16" tofloor="0" weight="74" />
  <passenger name="Ben_686" comingtime="2332" fromfloor="9" tofloor="1" weight="99" />
  <passenger name="Ben_687" comingtime="1598" fromfloor="20" tofloor="1" weight="101" />
  <passenger name="Ben_688" comingtime="2854" fromfloor="14" tofloor="0" weight="87" />
  <passenger name="Ben_689" comingtime="3369" fromfloor="14" tofloor="0" weight="100" />
  <passenger name="Ben_690" comingtime="517" fromfloor="6" tofloor="0" weight="97" />
  <passenger name="Ben_691" comingtime="3133" fromfloor="18" tofloor="1" weight="108" />
  <passenger name="Ben_692" comingtime="831" fromfloor="17" tofloor="1" weight="98" />
  <passenger name="Ben_693" comingtime="191" fromfloor="13" tofloor="1" weight="83" />
  <passenger name="Ben_694" comingtime="1857" fromfloor="14" tofloor="0" weight="108" />
  <passenger name="Ben_695" comingtime="3067" fromfloor="3" tofloor="1" weight="88" />
  <passenger name="Ben_696" comingtime="732" fromfloor="19" tofloor="0" weight="76" />
  <passenger name="Ben_697" comingtime="1835" fromfloor="10" tofloor="1" weight="100" />
  <passenger name="Ben_698" comingtime="2299" fromfloor="5" tofloor="1" weight="80" />
  <passenger name="Ben_699" comingtime="2334" fromfloor="2" tofloor="1" weight="116" />
  <passenger name="Ben_700" comingtime="3500" fromfloor="9" tofloor="0" weight="119" />
  <passenger name="Ben_701" comingtime="1333" fromfloor="20" tofloor="1" weight="119" />
  <passenger name="Ben_702" comingtime="2744" fromfloor="19" tofloor="1" weight="77" />
  <passenger name="Ben_703" comingtime="191" fromfloor="2" tofloor="1" weight="111" />
  <passenger name="Ben_704" comingtime="3541" fromfloor="11" tofloor="1" weight="118" />
  <passenger name="Ben_705" comingtime="1791" fromfloor="7" tofloor="0" weight="110" />
  <passenger name="Ben_706" comingtime="769" fromfloor="18" tofloor="1" weight="72" />
  <passenger name="Ben_707" comingtime="2366" fromfloor="20" tofloor="1" weight="77" />
  <passenger name="Ben_708" comingtime="1954" fromfloor="11" tofloor="1" weight="87" />
  <passenger name="Ben_709" comingtime="1183" fromfloor="19" tofloor="1" weight="76" />
  <passenger name="Ben_710" comingtime="1141" fromfloor="12" tofloor="1" weight="113" />
  <passenger name="Ben_711" comingtime="1731" fromfloor="14" tofloor="0" weight="111" />
  <passenger name="Ben_712" comingtime="3425" fromfloor="7" tofloor="1" weight="96" />
  <passenger name="Ben_713" comingtime="1119" fromfloor="16" tofloor="0" weight="85" />
  <passenger name="Ben_714" comingtime="747" fromfloor="6" tofloor="1" weight="79" />
  <passenger name="Ben_715" comingtime="2482" fromfloor="7" tofloor="1" weight="71" />
  <passenger name="Ben_716" comingtime="3257" fromfloor="14" tofloor="1" weight="89" />
  <passenger name="Ben_717" comingtime="3568" fromfloor="9" tofloor="0" weight="81" />
  <passenger name="Ben_718" comingtime="2517" fromfloor="18" tofloor="0" weight="86" />
  <passenger name="Ben_719" comingtime="80" fromfloor="17" tofloor="1" weight="104" />
  <passenger name="Ben_720" comingtime="2923" fromfloor="14" tofloor="1" weight="117" />
  <passenger name="Ben_721" comingtime="3542" fromfloor="2" tofloor="0" weight="76" />
  <passenger name="Ben_722" comingtime="3187" fromfloor="20" tofloor="1" weight="100" />
  <passenger name="Ben_723" comingtime="1295" fromfloor="4" tofloor="0" weight="100" />
  <passenger name="Ben_724" comingtime="2483" fromfloor="7" tofloor="0" weight="88" />
  <passenger name="Ben_725" comingtime="2555" fromfloor="16" tofloor="1" weight="112" />
  <passenger name="Ben_726" comingtime="1338" fromfloor="20" tofloor="0" weight="114" />
  <passenger name="Ben_727" comingtime="3008" fromfloor="8" tofloor="0" weight="112" />
  <passenger name="Ben_728" comingtime="1716" fromfloor="15" tofloor="0" weight="101" />
  <passenger name="Ben_729" comingtime="462" fromfloor="13" tofloor="1" weight="108" />
  <passenger name="Ben_730" comingtime="631" fromfloor="11" tofloor="0" weight="78" />
  <passenger name="Ben_731" comingtime="454" fromfloor="17" tofloor="0" weight="79" />
  <passenger name="Ben_732" comingtime="1190" fromfloor="8" tofloor="0" weight="92" />
  <passenger name="Ben_733" comingtime="2010" fromfloor="3" tofloor="0" weight="72" />
  <passenger name="Ben_734" comingtime="2470" fromfloor="9" tofloor="0" weight="112" />
  <passenger name="Ben_735" comingtime="1688" fromfloor="16" tofloor="0" weight="75" />
  <passenger name="Ben_736" comingtime="594" fromfloor="18" tofloor="0" weight="101" />
  <passenger name="Ben_737" comingtime="1440" fromfloor="11" tofloor="1" weight="86" />
  <passenger name="Ben_738" comingtime="2668" fromfloor="17" tofloor="0" weight="104" />
  <passenger name="Ben_739" comingtime="469" fromfloor="4" tofloor="0" weight="85" />
  <passenger name="Ben_740" comingtime="540" fromfloor="11" tofloor="0" weight="75" />
  <passenger name="Ben_741" comingtime="2508" fromfloor="17" tofloor="1" weight="97" />
  <passenger name="Ben_742" comingtime="966" fromfloor="10" tofloor="0" weight="115" />
  <passenger name="Ben_743" comingtime="105" fromfloor="5" tofloor="0" weight="99" />
  <passenger name="Ben_744" comingtime="915" fromfloor="9" tofloor="1" weight="111" />
  <passenger name="Ben_745" comingtime="3246" fromfloor="17" tofloor="1" weight="110" />
  <passenger name="Ben_746" comingtime="3449" fromfloor="20" tofloor="1" weight="71" />
  <passenger name="Ben_747" comingtime="2032" fromfloor="11" tofloor="1" weight="101" />
  <passenger name="Ben_748" comingtime="670" fromfloor="4" tofloor="0" weight="99" />
  <passenger name="Ben_749" comingtime="1837" fromfloor="17" tofloor="0" weight="111" />
  <passenger name="Ben_750" comingtime="3559" fromfloor="11" tofloor="0" weight="114" />
  <passenger name="Ben_751" comingtime="2099" fromfloor="4" tofloor="1" weight="70" />
  <passenger name="Ben_752" comingtime="1149" fromfloor="19" tofloor="1" weight="111" />
  <passenger name="Ben_753" comingtime="948" fromfloor="7" tofloor="0" weight="104" />
  <passenger name="Ben_754" comingtime="3413" fromfloor="5" tofloor="1" weight="107" />
  <passenger name="Ben_755" comingtime="2872" fromfloor="3" tofloor="0" weight="118" />
  <passenger name="Ben_756" comingtime="2008" fromfloor="11" tofloor="1" weight="90" />
  <passenger name="Ben_757" comingtime="453" fromfloor="18" tofloor="0" weight="88" />
  <passenger name="Ben_758" comingtime="2125" fromfloor="7" tofloor="1" weight="98" />
  <passenger name="Ben_759" comingtime="1393" fromfloor="10" tofloor="1" weight="101" />
  <passenger name="Ben_760" comingtime="2901" fromfloor="20" tofloor="1" weight="90" />
  <passenger name="Ben_761" comingtime="8" fromfloor="3" tofloor="1" weight="77" />
  <passenger name="Ben_762" comingtime="1281" fromfloor="15" tofloor="0" weight="87" />
  <passenger name="Ben_763" comingtime="1535" fromfloor="17" tofloor="1" weight="85" />
  <passenger name="Ben_764" comingtime="701" fromfloor="20" tofloor="1" weight="99" />
  <passenger name="Ben_765" comingtime="593" fromfloor="8" tofloor="0" weight="74" />
  <passenger name="Ben_766" comingtime="987" fromfloor="18" tofloor="0" weight="117" />
  <passenger name="Ben_767" comingtime="74" fromfloor="13" tofloor="0" weight="72" />
  <passenger name="Ben_768" comingtime="3242" fromfloor="10" tofloor="1" weight="76" />
  <passenger name="Ben_769" comingtime="2627" fromfloor="12" tofloor="1" weight="98" />
  <passenger name="Ben_770" comingtime="2799" fromfloor="10" tofloor="0" weight="114" />
  <passenger name="Ben_771" comingtime="280" fromfloor="5" tofloor="0" weight="106" />
  <passenger name="Ben_772" comingtime="2503" fromfloor="7" tofloor="0" weight="70" />
  <passenger name="Ben_773" comingtime="85" fromfloor="13" tofloor="0" weight="109" />
  <passenger name="Ben_774" comingtime="486" fromfloor="14" tofloor="1" weight="74" />
  <passenger name="Ben_775" comingtime="2936" fromfloor="3" tofloor="1" weight="90" />
  <passenger name="Ben_776" comingtime="1227" fromfloor="16" tofloor="1" weight="102" />
  <passenger name="Ben_777" comingtime="3487" fromfloor="10" tofloor="1" weight="101" />
  <passenger name="Ben_778" comingtime="306" fromfloor="14" tofloor="0" weight="84" />
  <passenger name="Ben_779" comingtime="2399" fromfloor="8" tofloor="1" weight="71" />
  <passenger name="Ben_780" comingtime="1306" fromfloor="2" tofloor="0" weight="91" />
  <passenger name="Ben_781" comingtime="2962" fromfloor="16" tofloor="0" weight="90" />
  <passenger name="Ben_782" comingtime="1510" fromfloor="10" tofloor="1" weight="89" />
  <passenger name="Ben_783" comingtime="2603" fromfloor="18" tofloor="0" weight="80" />
  <passenger name="Ben_784" comingtime="109" fromfloor="3" tofloor="0" weight="105" />
  <passenger name="Ben_785" comingtime="372" fromfloor="5" tofloor="1" weight="102" />
  <passenger name="Ben_786" comingtime="2224" fromfloor="20" tofloor="0" weight="107" />
  <passenger name="Ben_787" comingtime="2705" fromfloor="15" tofloor="1" weight="115" />
  <passenger name="Ben_788" comingtime="1869" fromfloor="19" tofloor="1" weight="114" />
  <passenger name="Ben_789" comingtime="2272" fromfloor="6" tofloor="1" weight="118" />
  <passenger name="Ben_790" comingtime="2652" fromfloor="10" tofloor="1" weight="93" />
  <passenger name="Ben_791" comingtime="2545" fromfloor="20" tofloor="1" weight="80" />
  <passenger name="Ben_792" comingtime="100" fromfloor="8" tofloor="1" weight="84" />
  <passenger name="Ben_793" comingtime="2947" fromfloor="14" tofloor="1" weight="75" />
  <passenger name="Ben_794" comingtime="2222" fromfloor="2" tofloor="1" weight="115" />
  <passenger name="Ben_795" comingtime="3004" fromfloor="10" tofloor="0" weight="84" />
  <passenger name="Ben_796" comingtime="941" fromfloor="19" tofloor="1" weight="88" />
  <passenger name="Ben_797" comingtime="594" fromfloor="14" tofloor="0" weight="85" />
  <passenger name="Ben_798" comingtime="2289" fromfloor="7" tofloor="0" weight="90" />
  <passenger name="Ben_799" comingtime="11" fromfloor="11" tofloor="1" weight="90" />
  <passenger name="Ben_800" comingtime="3057" fromfloor="11" tofloor="0" weight="82" />
  <passenger name="Ben_801" comingtime="3317" fromfloor="9" tofloor="0" weight="75" />
  <passenger name="Ben_802" comingtime="3207" fromfloor="16" tofloor="0" weight="104" />
  <passenger name="Ben_803" comingtime="1903" fromfloor="11" tofloor="1" weight="75" />
  <passenger name="Ben_804" comingtime="1698" fromfloor="8" tofloor="0" weight="103" />
  <passenger name="Ben_805" comingtime="645" fromfloor="14" tofloor="1" weight="112" />
  <passenger name="Ben_806" comingtime="1807" fromfloor="2" tofloor="1" weight="100" />
  <passenger name="Ben_807" comingtime="1518" fromfloor="13" tofloor="0" weight="70" />
  <passenger name="Ben_808" comingtime="3596" fromfloor="13" tofloor="1" weight="98" />
  <passenger name="Ben_809" comingtime="1803" fromfloor="4" tofloor="1" weight="85" />
  <passenger name="Ben_810" comingtime="1869" fromfloor="17" tofloor="1" weight="72" />
  <passenger name="Ben_811" comingtime="2747" fromfloor="18" tofloor="0" weight="94" />
  <passenger name="Ben_812" comingtime="1771" fromfloor="18" tofloor="1" weight="94" />
  <passenger name="Ben_813" comingtime="2445" fromfloor="17" tofloor="1" weight="83" />
  <passenger name="Ben_814" comingtime="1381" fromfloor="13" tofloor="0" weight="104" />
  <passenger name="Ben_815" comingtime="2333" fromfloor="6" tofloor="0" weight="73" />
  <passenger name="Ben_816" comingtime="2011" fromfloor="14" tofloor="1" weight="98" />
  <passenger name="Ben_817" comingtime="1533" fromfloor="12" tofloor="1" weight="86" />
  <passenger name="Ben_818" comingtime="1972" fromfloor="17" tofloor="1" weight="112" />
  <passenger name="Ben_819" comingtime="221" fromfloor="6" tofloor="1" weight="100" />
  <passenger name="Ben_820" comingtime="1860" fromfloor="12" tofloor="1" weight="90" />
  <passenger name="Ben_821" comingtime="859" fromfloor="9" tofloor="1" weight="119" />
  <passenger name="Ben_822" comingtime="3412" fromfloor="3" tofloor="0" weight="76" />
  <passenger name="Ben_823" comingtime="1024" fromfloor="5" tofloor="1" weight="76" />
  <passenger name="Ben_824" comingtime="2270" fromfloor="8" tofloor="0" weight="110" />
  <passenger name="Ben_825" comingtime="3316" fromfloor="8" tofloor="0" weight="115" />
  <passenger name="Ben_826" comingtime="1502" fromfloor="8" tofloor="0" weight="95" />
  <passenger name="Ben_827" comingtime="2422" fromfloor="11" tofloor="0" weight="73" />
  <passenger name="Ben_828" comingtime="3199" fromfloor="15" tofloor="0" weight="86" />
  <passenger name="Ben_829" comingtime="927" fromfloor="15" tofloor="0" weight="83" />
  <passenger name="Ben_830" comingtime="3016" fromfloor="14" tofloor="1" weight="108" />
  <passenger name="Ben_831" comingtime="2034" fromfloor="18" tofloor="0" weight="75" />
  <passenger name="Ben_832" comingtime="2638" fromfloor="18" tofloor="0" weight="105" />
  <passenger name="Ben_833" comingtime="388" fromfloor="15" tofloor="0" weight="111" />
  <passenger name="Ben_834" comingtime="1921" fromfloor="19" tofloor="0" weight="113" />
  <passenger name="Ben_835" comingtime="976" fromfloor="10" tofloor="0" weight="85" />
  <passenger name="Ben_836" comingtime="1795" fromfloor="11" tofloor="0" weight="114" />
  <passenger name="Ben_837" comingtime="1289" fromfloor="19" tofloor="1" weight="94" />
  <passenger name="Ben_838" comingtime="1130" fromfloor="3" tofloor="0" weight="74" />
  <passenger name="Ben_839" comingtime="1302" fromfloor="8" tofloor="1" weight="93" />
  <passenger name="Ben_840" comingtime="1332" fromfloor="14" tofloor="0" weight="88" />
  <passenger name="Ben_841" comingtime="2008" fromfloor="18" tofloor="1" weight="78" />
  <passenger name="Ben_842" comingtime="2678" fromfloor="8" tofloor="0" weight="117" />
  <passenger name="Ben_843" comingtime="365" fromfloor="15" tofloor="0" weight="110" />
  <passenger name="Ben_844" comingtime="3325" fromfloor="6" tofloor="1" weight="77" />
  <passenger name="Ben_845" comingtime="242" fromfloor="14" tofloor="1" weight="70" />
  <passenger name="Ben_846" comingtime="3008" fromfloor="5" tofloor="0" weight="70" />
  <passenger name="Ben_847" comingtime="1879" fromfloor="2" tofloor="0" weight="101" />
  <passenger name="Ben_848" comingtime="3585" fromfloor="9" tofloor="1" weight="106" />
  <passenger name="Ben_849" comingtime="1323" fromfloor="7" tofloor="1" weight="80" />
  <passenger name="Ben_850" comingtime="2681" fromfloor="2" tofloor="1" weight="96" />
  <passenger name="Ben_851" comingtime="379" fromfloor="6" tofloor="0" weight="111" />
  <passenger name="Ben_852" comingtime="1539" fromfloor="10" tofloor="0" weight="117" />
  <passenger name="Ben_853" comingtime="1635" fromfloor="15" tofloor="0" weight="108" />
  <passenger name="Ben_854" comingtime="1134" fromfloor="8" tofloor="1" weight="70" />
  <passenger name="Ben_855" comingtime="1112" fromfloor="3" tofloor="1" weight="82" />
  <passenger name="Ben_856" comingtime="2146" fromfloor="8" tofloor="0" weight="94" />
  <passenger name="Ben_857" comingtime="2417" fromfloor="3" tofloor="0" weight="88" />
  <passenger name="Ben_858" comingtime="834" fromfloor="10" tofloor="1" weight="77" />
  <passenger name="Ben_859" comingtime="1085" fromfloor="16" tofloor="0" weight="111" />
  <passenger name="Ben_860" comingtime="2991" fromfloor="10" tofloor="0" weight="103" />
  <passenger name="Ben_861" comingtime="255" fromfloor="15" tofloor="1" weight="116" />
  <passenger name="Ben_862" comingtime="3253" fromfloor="7" tofloor="1" weight="100" />
  <passenger name="Ben_863" comingtime="1070" fromfloor="7" tofloor="0" weight="93" />
  <passenger name="Ben_864" comingtime="2969" fromfloor="3" tofloor="1" weight="79" />
  <passenger name="Ben_865" comingtime="2022" fromfloor="6" tofloor="1" weight="89" />
  <passenger name="Ben_866" comingtime="440" fromfloor="13" tofloor="0" weight="119" />
  <passenger name="Ben_867" comingtime="39" fromfloor="10" tofloor="1" weight="87" />
  <passenger name="Ben_868" comingtime="1778" fromfloor="15" tofloor="1" weight="89" />
  <passenger name="Ben_869" comingtime="2490" fromfloor="5" tofloor="1" weight="89" />
  <passenger name="Ben_870" comingtime="1769" fromfloor="14" tofloor="1" weight="98" />
  <passenger name="Ben_871" comingtime="2490" fromfloor="4" tofloor="0" weight="71" />
  <passenger name="Ben_872" comingtime="1779" fromfloor="3" tofloor="1" weight="76" />
  <passenger name="Ben_873" comingtime="2519" fromfloor="3" tofloor="1" weight="105" />
  <passenger name="Ben_874" comingtime="3084" fromfloor="14" tofloor="0" weight="80" />
  <passenger name="Ben_875" comingtime="896" fromfloor="2" tofloor="0" weight="101" />
  <passenger name="Ben_876" comingtime="2759" fromfloor="5" tofloor="0" weight="70" />
  <passenger name="Ben_877" comingtime="2732" fromfloor="16" tofloor="0" weight="79" />
  <passenger name="Ben_878" comingtime="1108" fromfloor="17" tofloor="1" weight="75" />
  <passenger name="Ben_879" comingtime="176" fromfloor="8" tofloor="0" weight="106" />
  <passenger name="Ben_880" comingtime="3027" fromfloor="12" tofloor="0" weight="81" />
  <passenger name="Ben_881" comingtime="1314" fromfloor="6" tofloor="1" weight="94" />
  <passenger name="Ben_882" comingtime="2467" fromfloor="19" tofloor="1" weight="82" />
  <passenger name="Ben_883" comingtime="1804" fromfloor="5" tofloor="0" weight="70" />
  <passenger name="Ben_884" comingtime="2482" fromfloor="6" tofloor="1" weight="95" />
  <passenger name="Ben_885" comingtime="2518" fromfloor="7" tofloor="1" weight="115" />
  <passenger name="Ben_886" comingtime="1882" fromfloor="4" tofloor="1" weight="117" />
  <passenger name="Ben_887" comingtime="3229" fromfloor="16" tofloor="1" weight="97" />
  <passenger name="Ben_888" comingtime="560" fromfloor="9" tofloor="1" weight="99" />
  <passenger name="Ben_889" comingtime="222" fromfloor="9" tofloor="0" weight="84" />
  <passenger name="Ben_890" comingtime="2336" fromfloor="19" tofloor="1" weight="100" />
  <passenger name="Ben_891" comingtime="3494" fromfloor="9" tofloor="1" weight="102" />
  <passenger name="Ben_892" comingtime="139" fromfloor="11" tofloor="0" weight="90" />
  <passenger name="Ben_893" comingtime="1125" fromfloor="15" tofloor="0" weight="72" />
  <passenger name="Ben_894" comingtime="41" fromfloor="9" tofloor="0" weight="72" />
  <passenger name="Ben_895" comingtime="2784" fromfloor="20" tofloor="1" weight="99" />
  <passenger name="Ben_896" comingtime="1685" fromfloor="14" tofloor="1" weight="77" />
  <passenger name="Ben_897" comingtime="2733" fromfloor="5" tofloor="0" weight="86" />
  <passenger name="Ben_898" comingtime="2701" fromfloor="17" tofloor="1" weight="77" />
  <passenger name="Ben_899" comingtime="1470" fromfloor="15" tofloor="1" weight="105" />
  <passenger name="Ben_900" comingtime="1167" fromfloor="19" tofloor="1" weight="104" />
  <passenger name="Xiao_901" comingtime="3443" fromfloor="20" tofloor="7" weight="55" />
  <passenger name="Xiao_902" comingtime="417" fromfloor="9" tofloor="18" weight="45" />
  <passenger name="Xiao_903" comingtime="3215" fromfloor="11" tofloor="10" weight="59" />
  <passenger name="Xiao_904" comingtime="94" fromfloor="19" tofloor="9" weight="69" />
  <passenger name="Xiao_905" comingtime="2576" fromfloor="11" tofloor="9" weight="55" />
  <passenger name="Xiao_906" comingtime="2610" fromfloor="20" tofloor="15" weight="62" />
  <passenger name="Xiao_907" comingtime="811" fromfloor="4" tofloor="15" weight="59" />
  <passenger name="Xiao_908" comingtime="702" fromfloor="7" tofloor="13" weight="63" />
  <passenger name="Xiao_909" comingtime="937" fromfloor="11" tofloor="16" weight="59" />
  <passenger name="Xiao_910" comingtime="2200" fromfloor="15" tofloor="17" weight="59" />
  <passenger name="Xiao_911" comingtime="1069" fromfloor="8" tofloor="10" weight="63" />
  <passenger name="Xiao_912" comingtime="2256" fromfloor="14" tofloor="12" weight="60" />
  <passenger name="Xiao_913" comingtime="2685" fromfloor="13" tofloor="17" weight="63" />
  <passenger name="Xiao_914" comingtime="2718" fromfloor="16" tofloor="19" weight="55" />
  <passenger name="Xiao_915" comingtime="1695" fromfloor="5" tofloor="10" weight="52" />
  <passenger name="Xiao_916" comingtime="469" fromfloor="19" tofloor="17" weight="69" />
  <passenger name="Xiao_917" comingtime="1525" fromfloor="17" tofloor="12" weight="65" />
  <passenger name="Xiao_918" comingtime="3321" fromfloor="4" tofloor="7" weight="51" />
  <passenger name="Xiao_919" comingtime="1077" fromfloor="8" tofloor="2" weight="66" />
  <passenger name="Xiao_920" comingtime="2722" fromfloor="17" tofloor="14" weight="69" />
  <passenger name="Xiao_921" comingtime="648" fromfloor="12" tofloor="19" weight="50" />
  <passenger name="Xiao_922" comingtime="1410" fromfloor="9" tofloor="18" weight="69" />
  <passenger name="Xiao_923" comingtime="785" fromfloor="9" tofloor="2" weight="65" />
  <passenger name="Xiao_924" comingtime="2360" fromfloor="12" tofloor="15" weight="52" />
  <passenger name="Xiao_925" comingtime="1772" fromfloor="8" tofloor="12" weight="47" />
  <passenger name="Xiao_926" comingtime="2511" fromfloor="9" tofloor="18" weight="64" />
  <passenger name="Xiao_927" comingtime="2353" fromfloor="9" tofloor="13" weight="49" />
  <passenger name="Xiao_928" comingtime="1903" fromfloor="17" tofloor="10" weight="53" />
  <passenger name="Xiao_929" comingtime="2686" fromfloor="7" tofloor="11" weight="63" />
  <passenger name="Xiao_930" comingtime="2236" fromfloor="16" tofloor="8" weight="56" />
  <passenger name="Xiao_931" comingtime="1855" fromfloor="20" tofloor="8" weight="60" />
  <passenger name="Xiao_932" comingtime="417" fromfloor="11" tofloor="20" weight="45" />
  <passenger name="Xiao_933" comingtime="2131" fromfloor="10" tofloor="12" weight="45" />
  <passenger name="Xiao_934" comingtime="1409" fromfloor="13" tofloor="20" weight="45" />
  <passenger name="Xiao_935" comingtime="2835" fromfloor="10" tofloor="15" weight="55" />
  <passenger name="Xiao_936" comingtime="30" fromfloor="16" tofloor="5" weight="48" />
  <passenger name="Xiao_937" comingtime="2107" fromfloor="8" tofloor="2" weight="46" />
  <passenger name="Xiao_938" comingtime="1319" fromfloor="9" tofloor="6" weight="56" />
  <passenger name="Xiao_939" comingtime="1664" fromfloor="4" tofloor="15" weight="63" />
  <passenger name="Xiao_940" comingtime="3095" fromfloor="8" tofloor="17" weight="54" />
  <passenger name="Xiao_941" comingtime="2153" fromfloor="6" tofloor="10" weight="67" />
  <passenger name="Xiao_942" comingtime="678" fromfloor="8" tofloor="17" weight="54" />
  <passenger name="Xiao_943" comingtime="2680" fromfloor="4" tofloor="14" weight="65" />
  <passenger name="Xiao_944" comingtime="2843" fromfloor="18" tofloor="16" weight="53" />
  <passenger name="Xiao_945" comingtime="444" fromfloor="10" tofloor="7" weight="49" />
  <passenger name="Xiao_946" comingtime="1342" fromfloor="10" tofloor="8" weight="59" />
  <passenger name="Xiao_947" comingtime="1280" fromfloor="6" tofloor="4" weight="67" />
  <passenger name="Xiao_948" comingtime="1182" fromfloor="7" tofloor="4" weight="55" />
  <passenger name="Xiao_949" comingtime="3043" fromfloor="12" tofloor="16" weight="69" />
  <passenger name="Xiao_950" comingtime="2771" fromfloor="9" tofloor="7" weight="65" />
  <passenger name="Xiao_951" comingtime="137" fromfloor="6" tofloor="4" weight="101" />
  <passenger name="Xiao_952" comingtime="1761" fromfloor="9" tofloor="16" weight="80" />
  <passenger name="Xiao_953" comingtime="70" fromfloor="9" tofloor="6" weight="94" />
  <passenger name="Xiao_954" comingtime="2135" fromfloor="14" tofloor="16" weight="116" />
  <passenger name="Xiao_955" comingtime="1113" fromfloor="20" tofloor="7" weight="103" />
  <passenger name="Xiao_956" comingtime="1105" fromfloor="9" tofloor="5" weight="74" />
  <passenger name="Xiao_957" comingtime="2927" fromfloor="15" tofloor="10" weight="115" />
  <passenger name="Xiao_958" comingtime="2894" fromfloor="5" tofloor="16" weight="118" />
  <passenger name="Xiao_959" comingtime="2312" fromfloor="7" tofloor="13" weight="76" />
  <passenger name="Xiao_960" comingtime="1756" fromfloor="6" tofloor="11" weight="71" />
  <passenger name="Xiao_961" comingtime="310" fromfloor="11" tofloor="6" weight="112" />
  <passenger name="Xiao_962" comingtime="3242" fromfloor="2" tofloor="19" weight="117" />
  <passenger name="Xiao_963" comingtime="69" fromfloor="20" tofloor="5" weight="93" />
  <passenger name="Xiao_964" comingtime="3181" fromfloor="19" tofloor="12" weight="72" />
  <passenger name="Xiao_965" comingtime="307" fromfloor="16" tofloor="10" weight="102" />
  <passenger name="Xiao_966" comingtime="1550" fromfloor="13" tofloor="17" weight="105" />
  <passenger name="Xiao_967" comingtime="705" fromfloor="15" tofloor="19" weight="102" />
  <passenger name="Xiao_968" comingtime="2719" fromfloor="5" tofloor="9" weight="77" />
  <passenger name="Xiao_969" comingtime="741" fromfloor="7" tofloor="3" weight="107" />
  <passenger name="Xiao_970" comingtime="3590" fromfloor="10" tofloor="4" weight="77" />
  <passenger name="Xiao_971" comingtime="1001" fromfloor="10" tofloor="4" weight="96" />
  <passenger name="Xiao_972" comingtime="2066" fromfloor="3" tofloor="19" weight="89" />
  <passenger name="Xiao_973" comingtime="2258" fromfloor="15" tofloor="9" weight="119" />
  <passenger name="Xiao_974" comingtime="2925" fromfloor="14" tofloor="17" weight="116" />
  <passenger name="Xiao_975" comingtime="2353" fromfloor="18" tofloor="9" weight="85" />
  <passenger name="Xiao_976" comingtime="1960" fromfloor="8" tofloor="14" weight="108" />
  <passenger name="Xiao_977" comingtime="2579" fromfloor="10" tofloor="12" weight="101" />
  <passenger name="Xiao_978" comingtime="1773" fromfloor="15" tofloor="16" weight="111" />
  <passenger name="Xiao_979" comingtime="915" fromfloor="5" tofloor="12" weight="73" />
  <passenger name="Xiao_980" comingtime="2756" fromfloor="7" tofloor="17" weight="91" />
  <passenger name="Xiao_981" comingtime="3059" fromfloor="12" tofloor="19" weight="86" />
  <passenger name="Xiao_982" comingtime="2780" fromfloor="2" tofloor="11" weight="103" />
  <passenger name="Xiao_983" comingtime="3225" fromfloor="10" tofloor="14" weight="91" />
  <passenger name="Xiao_984" comingtime="308" fromfloor="3" tofloor="11" weight="89" />
  <passenger name="Xiao_985" comingtime="44" fromfloor="3" tofloor="17" weight="105" />
  <passenger name="Xiao_986" comingtime="204" fromfloor="9" tofloor="4" weight="97" />
  <passenger name="Xiao_987" comingtime="1737" fromfloor="11" tofloor="18" weight="115" />
  <passenger name="Xiao_988" comingtime="1851" fromfloor="8" tofloor="20" weight="95" />
  <passenger name="Xiao_989" comingtime="1913" fromfloor="12" tofloor="3" weight="70" />
  <passenger name="Xiao_990" comingtime="1576" fromfloor="6" tofloor="3" weight="111" />
  <passenger name="Xiao_991" comingtime="1873" fromfloor="3" tofloor="12" weight="76" />
  <passenger name="Xiao_992" comingtime="2722" fromfloor="15" tofloor="17" weight="81" />
  <passenger name="Xiao_993" comingtime="3210" fromfloor="10" tofloor="7" weight="78" />
  <passenger name="Xiao_994" comingtime="576" fromfloor="16" tofloor="10" weight="100" />
  <passenger name="Xiao_995" comingtime="494" fromfloor="19" tofloor="5" weight="111" />
  <passenger name="Xiao_996" comingtime="1241" fromfloor="6" tofloor="11" weight="89" />
  <passenger name="Xiao_997" comingtime="1536" fromfloor="5" tofloor="16" weight="108" />
  <passenger name="Xiao_998" comingtime="1975" fromfloor="11" tofloor="13" weight="108" />
  <passenger name="Xiao_999" comingtime="760" fromfloor="5" tofloor="13" weight="106" />
  <passenger name="Xiao_1000" comingtime="53" fromfloor="19" tofloor="12" weight="91" />
</passengers>